ID,Count
18288,483.5373136
18289,385.8880736
18290,326.5801667
18291,269.8415244
18292,227.1264265
18293,203.3156166
18294,218.619497
18295,253.5408725
18296,291.9681341
18297,377.2866226
18298,535.5155125
18299,593.6891622
18300,599.9791343
18301,530.6347691
18302,567.3778305
18303,560.2113868
18304,545.9128709
18305,558.6303009
18306,572.378874
18307,607.3518066
18308,583.644111
18309,544.7700208
18310,546.7463781
18311,533.8227195
18312,367.9228876
18313,293.621713
18314,248.4944069
18315,205.3220507
18316,172.8201906
18317,154.7025775
18318,166.3472794
18319,192.9189068
18320,222.1581581
18321,287.0768806
18322,407.4730288
18323,451.7372801
18324,456.5233114
18325,403.7592777
18326,431.7170235
18327,426.2640862
18328,415.3843647
18329,425.06104
18330,435.5223107
18331,462.1331678
18332,444.0940143
18333,414.5147716
18334,416.0185792
18335,406.1849849
18336,362.4392566
18337,289.2454886
18338,244.7907732
18339,202.2618705
18340,170.2444276
18341,152.3968448
18342,163.8679906
18343,190.0435866
18344,218.8470476
18345,282.7982023
18346,401.3999309
18347,445.0044548
18348,449.7191537
18349,397.7415307
18350,425.2825859
18351,419.9109208
18352,409.1933539
18353,418.7258052
18354,429.031158
18355,455.2453991
18356,437.4751064
18357,408.3367215
18358,409.818116
18359,400.1310844
18360,511.9122205
18361,408.5327338
18362,345.744524
18363,285.6763481
18364,240.4546455
18365,215.2465711
18366,231.4485128
18367,268.4191423
18368,309.1013902
18369,399.426533
18370,566.9406009
18371,628.5279931
18372,635.187073
18373,561.773446
18374,600.6726615
18375,593.085677
18376,577.9480964
18377,591.4118099
18378,605.9671758
18379,642.992388
18380,617.8934788
18381,576.7381816
18382,578.8305154
18383,565.1484715
18384,505.5273166
18385,403.4372465
18386,341.4321722
18387,282.1132059
18388,237.455538
18389,212.5618752
18390,228.5617357
18391,265.0712433
18392,305.2460756
18393,394.4446242
18394,559.8693471
18395,620.6885811
18396,627.2646046
18397,554.7666403
18398,593.1806794
18399,585.6883247
18400,570.7395499
18401,584.0353352
18402,598.4091571
18403,634.9725666
18404,610.1867074
18405,569.544726
18406,571.6109629
18407,558.0995703
18408,520.8413487
18409,415.6586453
18410,351.7752399
18411,290.6593132
18412,244.6488223
18413,219.0010512
18414,235.4855984
18415,273.1010953
18416,314.4929511
18417,406.3936078
18418,576.8295723
18419,639.4912145
18420,646.2664467
18421,571.5722883
18422,611.1500109
18423,603.430689
18424,588.0290682
18425,601.7276251
18426,616.5368759
18427,654.2079075
18428,628.6712057
18429,586.7980492
18430,588.926879
18431,575.0061833
18432,504.7224732
18433,402.7949394
18434,340.8885826
18435,281.6640572
18436,237.0774881
18437,212.2234582
18438,228.1978455
18439,264.6492269
18440,304.7600973
18441,393.8166341
18442,558.9779865
18443,619.7003909
18444,626.2659449
18445,553.8834037
18446,592.2362842
18447,584.755858
18448,569.830883
18449,583.1055002
18450,597.4564378
18451,633.9616351
18452,609.2152372
18453,568.6379613
18454,570.7009086
18455,557.2110273
18456,492.151012
18457,392.7622556
18458,332.3978419
18459,274.6484616
18460,231.1724401
18461,206.9374661
18462,222.5139687
18463,258.057431
18464,297.1692331
18465,384.007579
18466,545.0551468
18467,604.2650976
18468,610.6671188
18469,540.0874581
18470,577.4850578
18471,570.1909516
18472,555.6377229
18473,568.5817003
18474,582.5751894
18475,618.1711274
18476,594.0411046
18477,554.4745141
18478,556.4860782
18479,543.3321984
18480,376.5365947
18481,300.4959019
18482,254.312088
18483,210.1289928
18484,176.8662082
18485,158.3244307
18486,170.2417551
18487,197.4354699
18488,227.3592624
18489,293.7978437
18490,417.0126727
18491,462.3132262
18492,467.2113067
18493,413.2119763
18494,441.8242609
18495,436.243661
18496,425.1092266
18497,435.0124495
18498,445.7186364
18499,472.9524994
18500,454.4910183
18501,424.2192748
18502,425.7582891
18503,415.6944734
18504,371.0529561
18505,296.1196715
18506,250.6084491
18507,207.0688083
18508,174.2904417
18509,156.0186948
18510,167.7624628
18511,194.5601458
18512,224.0481473
18513,289.5191595
18514,410.9395663
18515,455.5803915
18516,460.4071395
18517,407.1942209
18518,435.3898144
18519,429.8904868
18520,418.9182072
18521,428.6772059
18522,439.2274747
18523,466.0647212
18524,447.8721013
18525,418.0412161
18526,419.5578172
18527,409.6405645
18528,520.5259267
18529,415.406922
18530,351.5622045
18531,290.4832897
18532,244.5006627
18533,218.8684239
18534,235.3429881
18535,272.935705
18536,314.3024939
18537,406.1474954
18538,576.4802437
18539,639.103938
18540,645.8750671
18541,571.2261436
18542,610.7798979
18543,603.0652507
18544,587.6729572
18545,601.3632183
18546,616.1635005
18547,653.8117185
18548,628.2904818
18549,586.4426837
18550,588.5702243
18551,574.657959
18552,514.1410169
18553,410.31143
18554,347.2498488
18555,286.9201442
18556,241.5015525
18557,216.1837255
18558,232.4562083
18559,269.5878029
18560,310.4471757
18561,401.165582
18562,569.4089834
18563,631.2645188
18564,637.9525914
18565,564.2193314
18566,603.2879089
18567,595.6678917
18568,580.4644041
18569,593.9867368
18570,608.6054748
18571,645.7918897
18572,620.5837033
18573,579.2492215
18574,581.3506651
18575,567.6090513
18576,529.4550542
18577,422.5328329
18578,357.5929199
18579,295.4662544
18580,248.6948392
18581,222.6229037
18582,239.3800734
18583,277.6176576
18584,319.6940544
18585,413.1145697
18586,586.3692144
18587,650.0671586
18588,656.95444
18589,581.0249851
18590,621.2572465
18591,613.4102619
18592,597.7539282
18593,611.6790327
18594,626.7331997
18595,665.0272371
18596,639.0682078
18597,596.5025506
18598,598.6665871
18599,584.5156701
18600,513.3361742
18601,409.6691234
18602,346.7062595
18603,286.4709958
18604,241.1235029
18605,215.8453088
18606,232.0923184
18607,269.1657868
18608,309.9611979
18609,400.5375924
18610,568.5176235
18611,630.2763294
18612,636.9539325
18613,563.3360955
18614,602.3435145
18615,594.7354257
18616,579.5557379
18617,593.0569025
18618,607.6527562
18619,644.780959
18620,619.6122338
18621,578.3424575
18622,580.4406115
18623,566.720509
18624,500.7647169
18625,399.6364428
18626,338.2155216
18627,279.4554024
18628,235.2184567
18629,210.5593184
18630,226.4084434
18631,262.5739931
18632,302.3703361
18633,390.7285404
18634,554.5947882
18635,614.841041
18636,621.3551114
18637,549.5401543
18638,587.5922927
18639,580.1705239
18640,565.3625823
18641,578.5331073
18642,592.7715127
18643,628.9904563
18644,604.4381061
18645,564.1790149
18646,566.2257856
18647,552.8416846
18648,385.1502961
18649,307.3700863
18650,260.1297653
18651,214.9359317
18652,180.9122233
18653,161.9462816
18654,174.1362282
18655,201.9520301
18656,232.5603633
18657,300.5188025
18658,426.5523103
18659,472.8891653
18660,477.899295
18661,422.6646687
18662,451.9314917
18663,446.2232292
18664,434.834082
18665,444.9638524
18666,455.9149555
18667,483.771824
18668,464.8880156
18669,433.9237716
18670,435.4979926
18671,425.2039557
18672,379.6666606
18673,302.9938583
18674,256.4261285
18675,211.8757489
18676,178.3364582
18677,159.6405469
18678,171.6569374
18679,199.0767076
18680,229.24925
18681,296.2401206
18682,420.4792074
18683,466.1563344
18684,471.0951316
18685,416.6469166
18686,445.4970489
18687,439.8700586
18688,428.6430661
18689,438.6286123
18690,449.4237975
18691,476.8840496
18692,458.2691023
18693,427.7457163
18694,429.2975242
18695,419.1500502
18696,529.1396285
18697,422.2811067
18698,357.379882
18699,295.2902288
18700,248.5466779
18701,222.4902749
18702,239.2374614
18703,277.4522654
18704,319.503595
18705,412.8684544
18706,586.0198818
18707,649.6798776
18708,656.5630559
18709,580.6788363
18710,620.8871291
18711,613.0448194
18712,597.3978131
18713,611.3146216
18714,626.35982
18715,664.6310435
18716,638.6874795
18717,596.147181
18718,598.3099282
18719,584.1674417
18720,522.7547211
18721,417.1856166
18722,353.0675279
18723,291.7270847
18724,245.5475688
18725,219.8055775
18726,236.3506827
18727,274.1043645
18728,315.6482783
18729,407.8865429
18730,578.9486241
18731,641.8404613
18732,648.6405831
18733,573.6720268
18734,613.3951429
18735,605.6474631
18736,590.1892627
18737,603.9381429
18738,618.8017971
18739,656.6112177
18740,630.9807039
18741,588.9537214
18742,591.0903717
18743,577.1185367
18744,538.0687563
18745,429.4070178
18746,363.4105977
18747,300.2731937
18748,252.7408545
18749,226.2447548
18750,243.2745468
18751,282.1342181
18752,324.8951557
18753,419.8355289
18754,595.9088527
18755,660.6430986
18756,667.6424291
18757,590.4776782
18758,631.3644781
18759,623.3898309
18760,607.4787844
18761,621.6304364
18762,636.9295196
18763,675.8465625
18764,649.4652059
18765,606.2070481
18766,608.4062913
18767,594.0251531
18768,521.9498781
18769,416.5433098
18770,352.5239385
18771,291.2779361
18772,245.1695191
18773,219.4671607
18774,235.9867927
18775,273.6823483
18776,315.1623002
18777,407.2585531
18778,578.0572639
18779,640.8522716
18780,647.6419239
18781,572.7887906
18782,612.4507482
18783,604.7149969
18784,589.2805962
18785,603.0083083
18786,617.8490783
18787,655.6002868
18788,630.0092341
18789,588.0469572
18790,590.1803178
18791,576.2299941
18792,509.3784193
18793,406.5106279
18794,344.0331995
18795,284.2623418
18796,239.2644722
18797,214.1811696
18798,230.302917
18799,267.0905537
18800,307.5714375
18801,397.4494998
18802,564.1344268
18803,625.4169812
18804,632.0431008
18805,558.9928477
18806,597.6995246
18807,590.1500932
18808,575.0874388
18809,588.4845112
18810,602.9678328
18811,639.809782
18812,614.8351044
18813,573.8835127
18814,575.9654901
18815,562.3511679
18816,393.7639999
18817,314.2442726
18818,265.9474442
18819,219.7428719
18820,184.9582393
18821,165.5681334
18822,178.0307024
18823,206.4685915
18824,237.7614655
18825,307.239763
18826,436.0919504
18827,483.4651072
18828,488.5872861
18829,432.1173636
18830,462.0387252
18831,456.2028002
18832,444.5589401
18833,454.9152579
18834,466.1112773
18835,494.5911515
18836,475.2850156
18837,443.628271
18838,445.2376987
18839,434.7134406
18840,388.2803631
18841,309.8680436
18842,262.2438065
18843,216.6826884
18844,182.3824737
18845,163.2623982
18846,175.551411
18847,203.5932683
18848,234.4503515
18849,302.9610802
18850,430.0188461
18851,476.7322748
18852,481.7831212
18853,426.0996102
18854,455.6042809
18855,449.8496281
18856,438.3679228
18857,448.5800165
18858,459.6201178
18859,487.7033755
18860,468.6661008
18861,437.4502143
18862,439.0372289
18863,428.6595337
18864,537.7533321
18865,429.1552928
18866,363.1975608
18867,300.0971689
18868,252.5926939
18869,226.1121266
18870,243.1319355
18871,281.9688267
18872,324.7046971
18873,419.5894148
18874,595.5595218
18875,660.2558194
18876,667.2510468
18877,590.1315311
18878,630.9943625
18879,623.0243902
18880,607.122671
18881,621.266027
18882,636.5561417
18883,675.4503708
18884,649.0844793
18885,605.8516802
18886,608.0496342
18887,593.6769264
18888,531.3684238
18889,424.0598019
18890,358.885206
18891,296.5340242
18892,249.5935843
18893,223.4274288
18894,240.2451563
18895,278.6209254
18896,320.8493798
18897,414.6075025
18898,588.488263
18899,652.4164019
18900,659.3285729
18901,583.1247205
18902,623.5023751
18903,615.6270328
18904,599.9141195
18905,613.8895472
18906,628.9981176
18907,667.4305438
18908,641.3777026
18909,598.6582195
18910,600.8300765
18911,586.6280203
18912,546.6824598
18913,436.2812039
18914,369.2282763
18915,305.0801337
18916,256.7868705
18917,229.8666065
18918,247.1690209
18919,286.6507794
18920,330.0962578
18921,426.5564892
18922,605.4484926
18923,671.2190402
18924,678.3304199
18925,599.9303728
18926,641.4717113
18927,633.3694016
18928,617.2036422
18929,631.5818416
18930,647.1258411
18931,686.6658896
18932,659.8622056
18933,615.9115472
18934,618.1459971
18935,603.5346377
18936,530.5635809
18937,423.4174952
18938,358.3416167
18939,296.0848758
18940,249.2155347
18941,223.0890121
18942,239.8812664
18943,278.1989092
18944,320.3634019
18945,413.9795128
18946,587.596903
18947,651.4282124
18948,658.3299138
18949,582.2414844
18950,622.5579805
18951,614.6945667
18952,599.0054531
18953,612.9597128
18954,628.0453989
18955,666.4196129
18956,640.4062329
18957,597.7514554
18958,599.9200228
18959,585.7394779
18960,517.9921227
18961,413.3848138
18962,349.8508781
18963,289.0692818
18964,243.3104881
18965,217.8030213
18966,234.197391
18967,271.6071149
18968,312.7725395
18969,404.1704601
18970,573.6740666
18971,635.9929227
18972,642.7310915
18973,568.4455422
18974,607.8067577
18975,600.1296637
18976,584.8122964
18977,598.4359164
18978,613.1641542
18979,650.629109
18980,625.232104
18981,583.5880117
18982,585.7051958
18983,571.8606523
18984,402.3777027
18985,321.1184581
18986,271.7651224
18987,224.5498116
18988,189.004255
18989,169.1899848
18990,181.9251761
18991,210.9851524
18992,242.9625672
18993,313.9607228
18994,445.6315896
18995,494.0410481
18996,499.2752761
18997,441.5700575
18998,472.1459577
18999,466.18237
19000,454.2837971
19001,464.8666624
19002,476.307598
19003,505.4104777
19004,485.6820145
19005,453.3327693
19006,454.9774038
19007,444.2229244
19008,396.8940665
19009,316.7422295
19010,268.0614851
19011,221.4896284
19012,186.4284896
19013,166.8842498
19014,179.445885
19015,208.1098295
19016,239.6514535
19017,309.6820404
19018,439.5584858
19019,487.3082163
19020,492.4711118
19021,435.5523046
19022,465.711514
19023,459.8291986
19024,448.0927803
19025,458.5314216
19026,469.8164391
19027,498.5227024
19028,479.0631003
19029,447.1547133
19030,448.7769345
19031,438.1690181
19032,546.367035
19033,436.0294784
19034,369.015239
19035,304.9041086
19036,256.6387096
19037,229.7339781
19038,247.0264093
19039,286.4853876
19040,329.9057989
19041,426.3103747
19042,605.099161
19043,670.8317603
19044,677.9390369
19045,599.584225
19046,641.101595
19047,633.0039601
19048,616.8475281
19049,631.2174316
19050,646.7524624
19051,686.2696972
19052,659.4814783
19053,615.5561786
19054,617.7893393
19055,603.1864103
19056,539.982127
19057,430.9339878
19058,364.7028846
19059,301.3409642
19060,253.6396002
19061,227.0492804
19062,244.1396303
19063,283.1374865
19064,326.0504818
19065,421.3284627
19066,598.0279027
19067,662.9923432
19068,670.0165634
19069,592.5774149
19070,633.6096081
19071,625.6066031
19072,609.638977
19073,623.8409522
19074,639.1944389
19075,678.2498706
19076,651.774702
19077,608.3627184
19078,610.5697821
19079,596.1375046
19080,555.2961627
19081,443.1553895
19082,375.0459547
19083,309.8870735
19084,260.8328862
19085,233.488458
19086,251.0634947
19087,291.1673404
19088,335.2973596
19089,433.2774491
19090,614.9881319
19091,681.7949811
19092,689.01841
19093,609.3830668
19094,651.5789438
19095,643.3489716
19096,626.9284993
19097,641.5332463
19098,657.3221619
19099,697.485216
19100,670.2592046
19101,625.6160457
19102,627.8857023
19103,613.0441216
19104,539.1772841
19105,430.291681
19106,364.1592952
19107,300.8918157
19108,253.2615506
19109,226.7108636
19110,243.7757404
19111,282.7154703
19112,325.5645038
19113,420.7004729
19114,597.1365426
19115,662.0041537
19116,669.0179042
19117,591.6941787
19118,632.6652135
19119,624.674137
19120,608.7303106
19121,622.9111177
19122,638.2417201
19123,677.2389397
19124,650.8032323
19125,607.4559542
19126,609.6597283
19127,595.2489621
19128,526.6058256
19129,420.2589995
19130,355.6685565
19131,293.8762216
19132,247.3565038
19133,221.4248728
19134,238.0918648
19135,276.1236759
19136,317.9736413
19137,410.89142
19138,583.2137059
19139,646.5688637
19140,653.4190817
19141,577.8982362
19142,617.9139903
19143,610.1092338
19144,594.5371536
19145,608.387321
19146,623.360475
19147,661.4484355
19148,635.6291031
19149,593.2925102
19150,595.4449011
19151,581.3701363
19152,410.9914059
19153,327.9926439
19154,277.5828009
19155,229.3567515
19156,193.0502708
19157,172.8118363
19158,185.8196501
19159,215.5017135
19160,248.1636691
19161,320.6816829
19162,455.1712291
19163,504.6169893
19164,509.9632665
19165,451.0227518
19166,482.2531906
19167,476.1619403
19168,464.0086545
19169,474.8180674
19170,486.5039191
19171,516.2298045
19172,496.0790139
19173,463.0372681
19174,464.7171093
19175,453.7324086
19176,405.5077694
19177,323.6164151
19178,273.8791634
19179,226.2965682
19180,190.4745053
19181,170.5061013
19182,183.3403588
19183,212.6263905
19184,244.8525553
19185,316.4030003
19186,449.0981252
19187,497.8841573
19188,503.159102
19189,445.0049987
19190,475.8187466
19191,469.8087686
19192,457.8176376
19193,468.4828263
19194,480.01276
19195,509.3420289
19196,489.4600995
19197,456.8592118
19198,458.5166398
19199,447.6785021
19200,554.9807381
19201,442.9036641
19202,374.8329175
19203,309.7110485
19204,260.6847255
19205,233.3558296
19206,250.9208832
19207,291.0019487
19208,335.1069008
19209,433.0313348
19210,614.6388005
19211,681.4077015
19212,688.6270273
19213,609.0369193
19214,651.2088278
19215,642.9835304
19216,626.5723855
19217,641.1688365
19218,656.9487836
19219,697.0890239
19220,669.8784777
19221,625.2606774
19222,627.5290448
19223,612.6958945
19224,548.5958301
19225,437.8081734
19226,370.5205629
19227,306.147904
19228,257.6856159
19229,230.6711319
19230,248.0341041
19231,287.6540475
19232,331.2515836
19233,428.0494226
19234,607.567542
19235,673.5682843
19236,680.7045536
19237,602.030109
19238,643.7168408
19239,635.5861732
19240,619.3638342
19241,633.7923569
19242,649.3907598
19243,689.0691972
19244,662.1717012
19245,618.067217
19246,620.3094874
19247,605.6469887
19248,563.9098659
19249,450.0295752
19250,380.8636331
19251,314.6940133
19252,264.878902
19253,237.1103095
19254,254.9579686
19255,295.6839015
19256,340.4984614
19257,439.9984092
19258,624.5277714
19259,692.3709224
19260,699.7064004
19261,618.8357611
19262,661.6861767
19263,653.3285418
19264,636.6533567
19265,651.4846512
19266,667.518483
19267,708.3045428
19268,680.656204
19269,635.3205444
19270,637.6254078
19271,622.5536058
19272,547.7909871
19273,437.1658667
19274,369.9769736
19275,305.6987555
19276,257.3075663
19277,230.3327151
19278,247.6702142
19279,287.2320313
19280,330.7656056
19281,427.4214329
19282,606.6761819
19283,672.5800948
19284,679.7058945
19285,601.1468728
19286,642.7724461
19287,634.6537071
19288,618.4551678
19289,632.8625225
19290,648.438041
19291,688.0582663
19292,661.2002315
19293,617.1604528
19294,619.3994336
19295,604.7584462
19296,535.2195288
19297,427.1331852
19298,361.4862349
19299,298.6831615
19300,251.4025196
19301,225.0467243
19302,241.9863387
19303,280.640237
19304,323.1747432
19305,417.61238
19306,592.7533454
19307,657.1448049
19308,664.107072
19309,587.3509305
19310,628.0212231
19311,620.088804
19312,604.262011
19313,618.3387259
19314,633.5567961
19315,672.2677622
19316,646.0261024
19317,602.9970089
19318,605.1846065
19319,590.8796205
19320,419.6051089
19321,334.8668295
19322,283.4004793
19323,234.1636913
19324,197.0962866
19325,176.4336878
19326,189.7141239
19327,220.0182745
19328,253.364771
19329,327.4026428
19330,464.7108685
19331,515.1929304
19332,520.6512568
19333,460.4754459
19334,492.3604233
19335,486.1415105
19336,473.7335118
19337,484.7694721
19338,496.7002401
19339,527.0491311
19340,506.4760131
19341,472.7417667
19342,474.4568146
19343,463.2418927
19344,414.1214726
19345,330.4906008
19346,279.6968419
19347,231.103508
19348,194.5205211
19349,174.1279528
19350,187.2348327
19351,217.1429516
19352,250.0536572
19353,323.1239603
19354,458.6377647
19355,508.4600985
19356,513.8470923
19357,454.4576929
19358,485.9259794
19359,479.7883389
19360,467.5424949
19361,478.4342311
19362,490.2090811
19363,520.1613556
19364,499.8570987
19365,466.5637105
19366,468.2563452
19367,457.1879863
19368,563.5944412
19369,449.7778498
19370,380.6505959
19371,314.5179883
19372,264.7307412
19373,236.9776811
19374,254.8153571
19375,295.5185098
19376,340.3080026
19377,439.7522947
19378,624.1784399
19379,691.9836426
19380,699.3150176
19381,618.4896134
19382,661.3160605
19383,652.9631005
19384,636.2972427
19385,651.1202413
19386,667.1451045
19387,707.9083505
19388,680.2754769
19389,634.965176
19390,637.2687501
19391,622.2053786
19392,557.2095332
19393,444.6823592
19394,376.3382414
19395,310.9548438
19396,261.7316317
19397,234.2929834
19398,251.928578
19399,292.1706086
19400,336.4526855
19401,434.7703827
19402,617.1071815
19403,684.1442255
19404,691.392544
19405,611.4828032
19406,653.8240735
19407,645.5657434
19408,629.0886916
19409,643.7437618
19410,659.5870809
19411,699.8885239
19412,672.5687005
19413,627.7717157
19414,630.0491928
19415,615.1564728
19416,572.5235689
19417,456.9037609
19418,386.6813115
19419,319.5009531
19420,268.9249178
19421,240.732161
19422,258.8524424
19423,300.2004625
19424,345.6995633
19425,446.7193692
19426,634.0674108
19427,702.9468635
19428,710.3943907
19429,628.2884552
19430,671.7934094
19431,663.308112
19432,646.378214
19433,661.4360559
19434,677.714804
19435,719.1238693
19436,691.0532032
19437,645.0250431
19438,647.3651131
19439,632.0630899
19440,556.4046902
19441,444.0400524
19442,375.794652
19443,310.5056953
19444,261.3535821
19445,233.9545667
19446,251.5646881
19447,291.7485924
19448,335.9667075
19449,434.1423929
19450,616.2158214
19451,683.1560359
19452,690.3938848
19453,610.599567
19454,652.8796789
19455,644.6332773
19456,628.1800252
19457,642.8139273
19458,658.6343621
19459,698.877593
19460,671.5972308
19461,626.8649515
19462,629.139139
19463,614.2679304
19464,543.8332318
19465,434.0073709
19466,367.3039133
19467,303.4901013
19468,255.4485354
19469,228.6685758
19470,245.8808126
19471,285.156798
19472,328.375845
19473,424.33334
19474,602.2929848
19475,667.720746
19476,674.7950623
19477,596.8036246
19478,638.1284558
19479,630.0683741
19480,613.9868683
19481,628.2901307
19482,643.7531171
19483,683.0870888
19484,656.4231016
19485,612.7015075
19486,614.9243118
19487,600.3891046
19488,428.218812
19489,341.7410153
19490,289.2181577
19491,238.9706311
19492,201.1423024
19493,180.0555394
19494,193.6085978
19495,224.5348356
19496,258.5658728
19497,334.1236029
19498,474.250508
19499,525.7688716
19500,531.3392471
19501,469.9281401
19502,502.467656
19503,496.1210807
19504,483.4583691
19505,494.720877
19506,506.8965611
19507,537.8684577
19508,516.8730124
19509,482.4462654
19510,484.19652
19511,472.7513769
19512,422.7351757
19513,337.3647865
19514,285.5145203
19515,235.9104478
19516,198.5665369
19517,177.7498044
19518,191.1293066
19519,221.6595126
19520,255.254759
19521,329.8449203
19522,468.1774041
19523,519.0360396
19524,524.5350826
19525,463.9103871
19526,496.0332121
19527,489.767909
19528,477.2673522
19529,488.3856359
19530,500.4054021
19531,530.9806822
19532,510.254098
19533,476.2682092
19534,477.9960505
19535,466.6974704
19536,572.2081443
19537,456.6520355
19538,386.4682743
19539,319.3249281
19540,268.776757
19541,240.5995327
19542,258.709831
19543,300.0350708
19544,345.5091045
19545,446.4732548
19546,633.7180793
19547,702.5595838
19548,710.0030079
19549,627.9423076
19550,671.4232933
19551,662.9426707
19552,646.0221001
19553,661.0716461
19554,677.3414256
19555,718.7276771
19556,690.6724761
19557,644.6696747
19558,647.0084555
19559,631.7148627
19560,565.8232363
19561,451.5565449
19562,382.1559198
19563,315.7617836
19564,265.7776475
19565,237.914835
19566,255.8230519
19567,296.6871696
19568,341.6537873
19569,441.4913427
19570,626.6468209
19571,694.7201666
19572,702.0805343
19573,620.9354974
19574,663.9313063
19575,655.5453136
19576,638.8135489
19577,653.6951665
19578,669.7834019
19579,710.7078505
19580,682.9656997
19581,637.4762143
19582,639.7888981
19583,624.6659569
19584,581.137272
19585,463.7779466
19586,392.4989899
19587,324.307893
19588,272.9709336
19589,244.3540125
19590,262.7469163
19591,304.7170235
19592,350.9006651
19593,453.4403292
19594,643.6070502
19595,713.5228046
19596,721.082381
19597,637.7411494
19598,681.9006422
19599,673.2876822
19600,656.1030713
19601,671.3874608
19602,687.911125
19603,729.943196
19604,701.4502024
19605,654.7295417
19606,657.1048185
19607,641.5725741
19608,565.0183933
19609,450.9142381
19610,381.6123304
19611,315.3126352
19612,265.3995979
19613,237.5764182
19614,255.459162
19615,296.2651534
19616,341.1678094
19617,440.8633529
19618,625.7554608
19619,693.7319771
19620,701.0818751
19621,620.0522612
19622,662.9869117
19623,654.6128475
19624,637.9048825
19625,652.7653321
19626,668.8306831
19627,709.6969196
19628,681.99423
19629,636.5694502
19630,638.8788444
19631,623.7774145
19632,552.4469349
19633,440.8815566
19634,373.1215917
19635,308.2970411
19636,259.4945512
19637,232.2904273
19638,249.7752864
19639,289.6733591
19640,333.5769469
19641,431.0543
19642,611.8326243
19643,678.2966872
19644,685.4830526
19645,606.2563188
19646,648.2356886
19647,640.0479443
19648,623.7117256
19649,638.2415355
19650,653.9494381
19651,693.9064154
19652,666.8201008
19653,622.4060062
19654,624.6640172
19655,609.8985887
19656,436.8325151
19657,348.615201
19658,295.0358361
19659,243.7775709
19660,205.1883182
19661,183.6773909
19662,197.5030717
19663,229.0513966
19664,263.7669747
19665,340.8445629
19666,483.7901474
19667,536.3448127
19668,542.0272374
19669,479.3808343
19670,512.5748888
19671,506.1006508
19672,493.1832264
19673,504.6722818
19674,517.0928822
19675,548.6877844
19676,527.2700116
19677,492.150764
19678,493.9362253
19679,482.260861
19680,431.3488787
19681,344.2389723
19682,291.3321987
19683,240.7173877
19684,202.6125527
19685,181.3716559
19686,195.0237804
19687,226.1760736
19688,260.4558609
19689,336.5658804
19690,477.7170435
19691,529.6119808
19692,535.2230729
19693,473.3630813
19694,506.1404449
19695,499.7474792
19696,486.9922095
19697,498.3370407
19698,510.6017231
19699,541.8000089
19700,520.6510972
19701,485.9727078
19702,487.7357559
19703,476.2069545
19704,580.8218474
19705,463.5262213
19706,392.2859527
19707,324.131868
19708,272.8227728
19709,244.2213842
19710,262.6043048
19711,304.5516319
19712,350.7102063
19713,453.1942148
19714,643.2577188
19715,713.1355249
19716,720.6909982
19717,637.3950018
19718,681.530526
19719,672.9222409
19720,655.7469574
19721,671.0230509
19722,687.5377466
19723,729.5470038
19724,701.0694754
19725,654.3741733
19726,656.7481608
19727,641.2243469
19728,574.4369393
19729,458.4307306
19730,387.9735982
19731,320.5687235
19732,269.8236633
19733,241.5366865
19734,259.7175258
19735,301.2037307
19736,346.8548892
19737,448.2123027
19738,636.1864604
19739,705.2961078
19740,712.7685246
19741,630.3881916
19742,674.038539
19743,665.5248838
19744,648.5384062
19745,663.6465714
19746,679.9797229
19747,721.5271771
19748,693.3626989
19749,647.180713
19750,649.5286035
19751,634.1754411
19752,589.7509751
19753,470.6521323
19754,398.3166683
19755,329.1148328
19756,277.0169494
19757,247.9758641
19758,266.6413902
19759,309.2335846
19760,356.101767
19761,460.1612892
19762,653.1466897
19763,724.0987458
19764,731.7703713
19765,647.1938436
19766,692.0078749
19767,683.2672523
19768,665.8279286
19769,681.3388656
19770,698.107446
19771,740.7625226
19772,711.8472017
19773,664.4340404
19774,666.8445238
19775,651.0820582
19776,573.6320964
19777,457.7884238
19778,387.4300088
19779,320.119575
19780,269.4456137
19781,241.1982697
19782,259.3536359
19783,300.7817145
19784,346.3689112
19785,447.5843129
19786,635.2951002
19787,704.3079182
19788,711.7698654
19789,629.5049554
19790,673.0941444
19791,664.5924177
19792,647.6297398
19793,662.7167369
19794,679.0270041
19795,720.5162462
19796,692.3912293
19797,646.2739488
19798,648.6185497
19799,633.2868986
19800,561.060638
19801,447.7557423
19802,378.9392701
19803,313.1039809
19804,263.540567
19805,235.9122789
19806,253.6697603
19807,294.1899201
19808,338.7780487
19809,437.7752601
19810,621.3722637
19811,688.8726283
19812,696.1710429
19813,615.709013
19814,658.3429213
19815,650.0275145
19816,633.4365829
19817,648.1929403
19818,664.1457592
19819,704.725742
19820,677.2171001
19821,632.1105049
19822,634.4037226
19823,619.4080729
19824,445.4462182
19825,355.4893867
19826,300.8535145
19827,248.5845108
19828,209.2343339
19829,187.2992424
19830,201.3975456
19831,233.5679577
19832,268.9680765
19833,347.5655229
19834,493.3297868
19835,546.9207539
19836,552.7152277
19837,488.8335285
19838,522.6821215
19839,516.080221
19840,502.9080838
19841,514.6236866
19842,527.2892032
19843,559.507111
19844,537.6670108
19845,501.8552627
19846,503.6759307
19847,491.7703451
19848,439.9625818
19849,351.113158
19850,297.1498771
19851,245.5243275
19852,206.6585684
19853,184.9935074
19854,198.9182543
19855,230.6926347
19856,265.6569627
19857,343.2868404
19858,487.2566829
19859,540.1879219
19860,545.9110633
19861,482.8157754
19862,516.2476776
19863,509.7270494
19864,496.7170669
19865,508.2884455
19866,520.7980441
19867,552.6193355
19868,531.0480964
19869,495.6772065
19870,497.4754613
19871,485.7164386
19872,589.4355505
19873,470.400407
19874,398.1036311
19875,328.9388078
19876,276.8687886
19877,247.8432357
19878,266.4987787
19879,309.0681929
19880,355.9113082
19881,459.9151748
19882,652.7973582
19883,723.7114661
19884,731.3789885
19885,646.847696
19886,691.6377588
19887,682.9018111
19888,665.4718147
19889,680.9744557
19890,697.7340676
19891,740.3663304
19892,711.4664746
19893,664.078672
19894,666.4878662
19895,650.733831
19896,583.0506424
19897,465.3049163
19898,393.7912766
19899,325.3756633
19900,273.8696791
19901,245.158538
19902,263.6119997
19903,305.7202917
19904,352.0559911
19905,454.9332627
19906,645.7260998
19907,715.8720489
19908,723.4565149
19909,639.8408857
19910,684.1457718
19911,675.504454
19912,658.2632635
19913,673.5979762
19914,690.1760439
19915,732.3465037
19916,703.7596982
19917,656.8852116
19918,659.2683089
19919,643.6849252
19920,598.3646782
19921,477.526318
19922,404.1343467
19923,333.9217726
19924,281.0629651
19925,251.5977156
19926,270.5358641
19927,313.7501456
19928,361.3028689
19929,466.8822492
19930,662.6863291
19931,734.6746869
19932,742.4583617
19933,656.6465378
19934,702.1151077
19935,693.2468225
19936,675.552786
19937,691.2902704
19938,708.3037671
19939,751.5818492
19940,722.2442009
19941,674.138539
19942,676.5842292
19943,660.5915423
19944,582.2457995
19945,464.6626095
19946,393.2476872
19947,324.9265148
19948,273.4916295
19949,244.8201212
19950,263.2481097
19951,305.2982755
19952,351.5700131
19953,454.3052729
19954,644.8347397
19955,714.8838594
19956,722.4578558
19957,638.9576496
19958,683.2013772
19959,674.5719878
19960,657.3545971
19961,672.6681417
19962,689.2233251
19963,731.3355728
19964,702.7882285
19965,655.9784475
19966,658.3582551
19967,642.7963827
19968,569.6743411
19969,454.629928
19970,384.7569485
19971,317.9109208
19972,267.5865827
19973,239.5341304
19974,257.5642342
19975,298.7064812
19976,343.9791506
19977,444.4962201
19978,630.9119031
19979,699.4485695
19980,706.8590333
19981,625.1617072
19982,668.4501541
19983,660.0070847
19984,643.1614402
19985,658.1443451
19986,674.3420802
19987,715.5450687
19988,687.6140993
19989,641.8150035
19990,644.1434279
19991,628.917557
19992,454.0599213
19993,362.3635724
19994,306.6711929
19995,253.3914506
19996,213.2803497
19997,190.9210939
19998,205.2920194
19999,238.0845187
20000,274.1691784
20001,354.2864829
20002,502.8694263
20003,557.496695
20004,563.403218
20005,498.2862226
20006,532.7893543
20007,526.0597912
20008,512.6329411
20009,524.5750914
20010,537.4855242
20011,570.3264376
20012,548.0640101
20013,511.5597614
20014,513.4156361
20015,501.2798292
20016,448.5762849
20017,357.9873437
20018,302.9675555
20019,250.3312673
20020,210.7045842
20021,188.6153589
20022,202.8127282
20023,235.2091957
20024,270.8580646
20025,350.0078004
20026,496.7963224
20027,550.7638631
20028,556.5990536
20029,492.2684696
20030,526.3549104
20031,519.7066196
20032,506.4419242
20033,518.2398504
20034,530.9943651
20035,563.4386621
20036,541.4450957
20037,505.3817051
20038,507.2151666
20039,495.2259227
20040,598.0492536
20041,477.2745927
20042,403.9213096
20043,333.7457476
20044,280.9148043
20045,251.4650872
20046,270.3932526
20047,313.584754
20048,361.11241
20049,466.6361348
20050,662.3369976
20051,734.2874072
20052,742.0669788
20053,656.3003902
20054,701.7449915
20055,692.8813813
20056,675.196672
20057,690.9258605
20058,707.9303886
20059,751.185657
20060,721.8634739
20061,673.7831706
20062,676.2275715
20063,660.2433151
20064,591.6643455
20065,472.179102
20066,399.608955
20067,330.1826031
20068,277.9156949
20069,248.7803895
20070,267.5064735
20071,310.2368528
20072,357.2570929
20073,461.6542227
20074,655.2657392
20075,726.4479901
20076,734.1445052
20077,649.2935799
20078,694.2530045
20079,685.4840241
20080,667.9881208
20081,683.549381
20082,700.3723649
20083,743.1658304
20084,714.1566974
20085,666.5897103
20086,669.0080142
20087,653.1944093
20088,606.9783813
20089,484.4005038
20090,409.9520252
20091,338.7287125
20092,285.1089809
20093,255.2195671
20094,274.430338
20095,318.2667067
20096,366.5039707
20097,473.6032092
20098,672.2259685
20099,745.2506281
20100,753.146352
20101,666.099232
20102,712.2223404
20103,703.2263927
20104,685.2776433
20105,701.2416752
20106,718.5000881
20107,762.4011759
20108,732.6412002
20109,683.8430377
20110,686.3239346
20111,670.1010264
20112,590.8595026
20113,471.5367953
20114,399.0653657
20115,329.7334547
20116,277.5376452
20117,248.4419728
20118,267.1425836
20119,309.8148366
20120,356.7711149
20121,461.026233
20122,654.3743791
20123,725.4598005
20124,733.1458461
20125,648.4103438
20126,693.3086099
20127,684.551558
20128,667.0794544
20129,682.6195466
20130,699.4196461
20131,742.1548995
20132,713.1852277
20133,665.6829462
20134,668.0979605
20135,652.3058669
20136,578.2880442
20137,461.5041138
20138,390.574627
20139,322.7178606
20140,271.6325985
20141,243.1559819
20142,261.4587081
20143,303.2230422
20144,349.1802525
20145,451.2171801
20146,640.4515426
20147,710.0245106
20148,717.5470236
20149,634.6144014
20150,678.5573868
20151,669.9866549
20152,652.8862976
20153,668.09575
20154,684.5384012
20155,726.3643953
20156,698.0110986
20157,651.5195022
20158,653.8831333
20159,638.4270411
20160,462.6736244
20161,369.2377581
20162,312.4888714
20163,258.1983904
20164,217.3263655
20165,194.5429455
20166,209.1864933
20167,242.6010798
20168,279.3702802
20169,361.0074429
20170,512.4090657
20171,568.0726362
20172,574.0912083
20173,507.7389168
20174,542.896587
20175,536.0393614
20176,522.3577984
20177,534.5264962
20178,547.6818452
20179,581.1457642
20180,558.4610093
20181,521.26426
20182,523.1553414
20183,510.7893134
20184,457.189988
20185,364.8615294
20186,308.7852339
20187,255.1382072
20188,214.7506
20189,192.2372105
20190,206.7072021
20191,239.7257568
20192,276.0591664
20193,356.7287604
20194,506.3359618
20195,561.3398042
20196,567.2870439
20197,501.7211638
20198,536.4621431
20199,529.6861897
20200,516.1667815
20201,528.1912552
20202,541.1906862
20203,574.2579888
20204,551.8420949
20205,515.0862038
20206,516.954872
20207,504.7354069
20208,606.6629567
20209,484.1487784
20210,409.738988
20211,338.5526874
20212,284.9608201
20213,255.0869388
20214,274.2877265
20215,318.101315
20216,366.3135119
20217,473.3570948
20218,671.8766371
20219,744.8633484
20220,752.7549691
20221,665.7530844
20222,711.8522243
20223,702.8609514
20224,684.9215293
20225,700.8772653
20226,718.1267097
20227,762.0049836
20228,732.2604731
20229,683.4876693
20230,685.9672769
20231,669.7527993
20232,600.2780486
20233,479.0532877
20234,405.4266334
20235,334.9895429
20236,281.9617106
20237,252.402241
20238,271.4009474
20239,314.7534138
20240,362.4581948
20241,468.3751827
20242,664.8053787
20243,737.0239312
20244,744.8324955
20245,658.7462741
20246,704.3602373
20247,695.4635943
20248,677.7129782
20249,693.5007858
20250,710.568686
20251,753.985157
20252,724.5536967
20253,676.294209
20254,678.7477196
20255,662.7038935
20256,615.5920844
20257,491.2746895
20258,415.7697036
20259,343.5356523
20260,289.1549967
20261,258.8414186
20262,278.3248118
20263,322.7832677
20264,371.7050726
20265,480.3241692
20266,681.765608
20267,755.8265692
20268,763.8343423
20269,675.5519261
20270,722.3295732
20271,713.2059629
20272,695.0025006
20273,711.19308
20274,728.6964091
20275,773.2205025
20276,743.0381994
20277,693.5475364
20278,696.0636399
20279,679.6105106
20280,599.4732057
20281,478.410981
20282,404.8830441
20283,334.5403945
20284,281.583661
20285,252.0638243
20286,271.0370575
20287,314.3313976
20288,361.9722168
20289,467.747193
20290,663.9140186
20291,736.0357417
20292,743.8338364
20293,657.8630379
20294,703.4158427
20295,694.5311282
20296,676.8043118
20297,692.5709514
20298,709.6159672
20299,752.9742261
20300,723.582227
20301,675.3874448
20302,677.8376658
20303,661.815351
20304,586.9017473
20305,468.3782995
20306,396.3923054
20307,327.5248004
20308,275.6786143
20309,246.7778334
20310,265.3531819
20311,307.7396033
20312,354.3813543
20313,457.9381401
20314,649.991182
20315,720.6004518
20316,728.2350139
20317,644.0670955
20318,688.6646196
20319,679.966225
20320,662.6111549
20321,678.0471548
20322,694.7347222
20323,737.1837219
20324,708.4080978
20325,661.2240008
20326,663.6228387
20327,647.9365253
20328,471.2873275
20329,376.1119438
20330,318.3065498
20331,263.0053303
20332,221.3723813
20333,198.164797
20334,213.0809672
20335,247.1176408
20336,284.5713821
20337,367.7284029
20338,521.9487051
20339,578.6485773
20340,584.7791987
20341,517.191611
20342,553.0038198
20343,546.0189315
20344,532.0826557
20345,544.477901
20346,557.8781662
20347,591.9650909
20348,568.8580086
20349,530.9687587
20350,532.8950468
20351,520.2987975
20352,465.8036911
20353,371.7357151
20354,314.6029124
20355,259.945147
20356,218.7966158
20357,195.859062
20358,210.601676
20359,244.2423178
20360,281.2602683
20361,363.4497204
20362,515.8756012
20363,571.9157453
20364,577.9750342
20365,511.173858
20366,546.5693759
20367,539.6657599
20368,525.8916388
20369,538.14266
20370,551.3870072
20371,585.0773154
20372,562.2390942
20373,524.7907025
20374,526.6945774
20375,514.244891
20376,615.2766597
20377,491.0229641
20378,415.5566664
20379,343.3596273
20380,289.0068359
20381,258.7087903
20382,278.1822003
20383,322.6178761
20384,371.5146138
20385,480.0780548
20386,681.4162765
20387,755.4392895
20388,763.4429594
20389,675.2057785
20390,721.959457
20391,712.8405216
20392,694.6463867
20393,710.8286702
20394,728.3230307
20395,772.8243103
20396,742.6574723
20397,693.1921679
20398,695.7069823
20399,679.2622834
20400,608.8917517
20401,485.9274734
20402,411.2443118
20403,339.7964828
20404,286.0077264
20405,256.0240926
20406,275.2954213
20407,319.2699749
20408,367.6592966
20409,475.0961427
20410,674.3450181
20411,747.5998724
20412,755.5204858
20413,668.1989683
20414,714.46747
20415,705.4431645
20416,687.4378355
20417,703.4521906
20418,720.765007
20419,764.8044836
20420,734.9506959
20421,685.9987076
20422,688.487425
20423,672.2133776
20424,624.2057875
20425,498.1488752
20426,421.587382
20427,348.3425921
20428,293.2010125
20429,262.4632701
20430,282.2192857
20431,327.2998288
20432,376.9061744
20433,487.0451292
20434,691.3052474
20435,766.4025104
20436,774.5223326
20437,685.0046203
20438,732.4368059
20439,723.185533
20440,704.7273579
20441,721.1444848
20442,738.8927301
20443,784.0398291
20444,753.4351986
20445,703.252035
20446,705.8033453
20447,689.1199947
20448,608.0869088
20449,485.2851667
20450,410.7007225
20451,339.3473343
20452,285.6296768
20453,255.6856758
20454,274.9315314
20455,318.8479587
20456,367.1733186
20457,474.468153
20458,673.453658
20459,746.6116828
20460,754.5218267
20461,667.3157321
20462,713.5230754
20463,704.5106984
20464,686.5291691
20465,702.5223562
20466,719.8122882
20467,763.7935527
20468,733.9792262
20469,685.0919435
20470,687.5773712
20471,671.3248351
20472,595.5154504
20473,475.2524852
20474,402.2099838
20475,332.3317403
20476,279.7246301
20477,250.399685
20478,269.2476558
20479,312.2561643
20480,359.5824562
20481,464.6591001
20482,659.5308214
20483,731.1763929
20484,738.9230042
20485,653.5197897
20486,698.7718523
20487,689.9457952
20488,672.3360122
20489,687.9985596
20490,704.9310432
20491,748.0030486
20492,718.805097
20493,670.9284995
20494,673.362544
20495,657.4460094
20496,479.9010306
20497,382.9861295
20498,324.1242282
20499,267.8122701
20500,225.4183971
20501,201.7866485
20502,216.9754411
20503,251.6342019
20504,289.772484
20505,374.4493629
20506,531.4883446
20507,589.2245185
20508,595.467189
20509,526.6443052
20510,563.1110525
20511,555.9985017
20512,541.807513
20513,554.4293058
20514,568.0744873
20515,602.7844175
20516,579.2550078
20517,540.6732573
20518,542.6347522
20519,529.8082816
20520,474.4173942
20521,378.6099008
20522,320.4205908
20523,264.7520868
20524,222.8426316
20525,199.4809135
20526,214.4961498
20527,248.7588789
20528,286.4613701
20529,370.1706804
20530,525.4152407
20531,582.4916865
20532,588.6630245
20533,520.6265522
20534,556.6766086
20535,549.6453301
20536,535.6164961
20537,548.0940648
20538,561.5833282
20539,595.896642
20540,572.6360934
20541,534.4952011
20542,536.4342827
20543,523.7543751
20544,623.8903628
20545,497.8971498
20546,421.3743448
20547,348.1665671
20548,293.0528517
20549,262.3306418
20550,282.0766742
20551,327.1344371
20552,376.7157156
20553,486.7990148
20554,690.955916
20555,766.0152306
20556,774.1309498
20557,684.6584727
20558,732.0666898
20559,722.8200918
20560,704.371244
20561,720.780075
20562,738.5193517
20563,783.6436369
20564,753.0544716
20565,702.8966666
20566,705.4466876
20567,688.7717675
20568,617.5054548
20569,492.8016592
20570,417.0619902
20571,344.6034226
20572,290.0537422
20573,259.6459441
20574,279.1898952
20575,323.7865359
20576,372.8603985
20577,481.8171027
20578,683.8846575
20579,758.1758135
20580,766.2084762
20581,677.6516625
20582,724.5747028
20583,715.4227347
20584,697.1626928
20585,713.4035954
20586,730.961328
20587,775.6238103
20588,745.3476951
20589,695.7032063
20590,698.2271303
20591,681.7228617
20592,632.8194906
20593,505.0230609
20594,427.4050604
20595,353.149532
20596,297.2470283
20597,266.0851217
20598,286.1137596
20599,331.8163898
20600,382.1072763
20601,493.7660892
20602,700.8448868
20603,776.9784515
20604,785.2103229
20605,694.4573145
20606,742.5440387
20607,733.1651032
20608,714.4522152
20609,731.0958896
20610,749.0890512
20611,794.8591558
20612,763.8321979
20613,712.9565337
20614,715.5430507
20615,698.6294788
20616,616.7006119
20617,492.1593524
20618,416.5184009
20619,344.1542741
20620,289.6756926
20621,259.3075273
20622,278.8260052
20623,323.3645197
20624,372.3744205
20625,481.189113
20626,682.9932974
20627,757.1876239
20628,765.209817
20629,676.7684263
20630,723.6303082
20631,714.4902685
20632,696.2540264
20633,712.473761
20634,730.0086092
20635,774.6128794
20636,744.3762255
20637,694.7964421
20638,697.3170766
20639,680.8343192
20640,604.1291535
20641,482.1266709
20642,408.0276622
20643,337.1386801
20644,283.7706459
20645,254.0215365
20646,273.1421297
20647,316.7727254
20648,364.783558
20649,471.3800601
20650,669.0704609
20651,741.7523341
20652,749.6109945
20653,662.9724839
20654,708.8790851
20655,699.9253654
20656,682.0608695
20657,697.9499644
20658,715.1273643
20659,758.8223752
20660,729.2020963
20661,680.6329982
20662,683.1022494
20663,666.9554935
20664,488.5147337
20665,389.8603152
20666,329.9419066
20667,272.6192099
20668,229.4644129
20669,205.4085
20670,220.8699149
20671,256.1507629
20672,294.9735858
20673,381.1703229
20674,541.027984
20675,599.8004596
20676,606.1551793
20677,536.0969994
20678,573.2182853
20679,565.9780719
20680,551.5323704
20681,564.3807107
20682,578.2708083
20683,613.6037441
20684,589.652007
20685,550.377756
20686,552.3744575
20687,539.3177657
20688,483.0310973
20689,385.4840865
20690,326.2382692
20691,269.5590267
20692,226.8886473
20693,203.102765
20694,218.3906237
20695,253.2754399
20696,291.662472
20697,376.8916404
20698,534.9548801
20699,593.0676276
20700,599.3510148
20701,530.0792464
20702,566.7838414
20703,559.6249003
20704,545.3413535
20705,558.0454696
20706,571.7796492
20707,606.7159686
20708,583.0330927
20709,544.1996998
20710,546.1739881
20711,533.2638593
20712,632.5040659
20713,504.7713355
20714,427.1920232
20715,352.9735069
20716,297.0988675
20717,265.9524933
20718,285.9711481
20719,331.6509982
20720,381.9168175
20721,493.5199748
20722,700.4955554
20723,776.5911718
20724,784.8189401
20725,694.1111669
20726,742.1739225
20727,732.799662
20728,714.0961013
20729,730.7314798
20730,748.7156727
20731,794.4629635
20732,763.4514708
20733,712.6011653
20734,715.186393
20735,698.2812516
20736,626.1191579
20737,499.6758449
20738,422.8796687
20739,349.4103624
20740,294.099758
20741,263.2677956
20742,283.084369
20743,328.303097
20744,378.0615003
20745,488.5380627
20746,693.424297
20747,768.7517546
20748,776.8964665
20749,687.1043566
20750,734.6819355
20751,725.4023048
20752,706.8875501
20753,723.3550002
20754,741.157649
20755,786.4431369
20756,755.7446944
20757,705.4077049
20758,707.9668357
20759,691.2323458
20760,641.4331937
20761,511.8972466
20762,433.2227388
20763,357.9564718
20764,301.2930441
20765,269.7069732
20766,290.0082335
20767,336.3329509
20768,387.3083781
20769,500.4870492
20770,710.3845263
20771,787.5543927
20772,795.8983132
20773,703.9100087
20774,752.6512714
20775,743.1446734
20776,724.1770726
20777,741.0472945
20778,759.2853722
20779,805.6784824
20780,774.2291971
20781,722.6610323
20782,725.282756
20783,708.138963
20784,625.314315
20785,499.0335381
20786,422.3360793
20787,348.961214
20788,293.7217084
20789,262.9293788
20790,282.7204791
20791,327.8810808
20792,377.5755224
20793,487.910073
20794,692.5329369
20795,767.7635651
20796,775.8978073
20797,686.2211205
20798,733.7375409
20799,724.4698387
20800,705.9788837
20801,722.4251658
20802,740.2049302
20803,785.432206
20804,754.7732247
20805,704.5009408
20806,707.0567819
20807,690.3438034
20808,612.7428566
20809,489.0008566
20810,413.8453406
20811,341.9456199
20812,287.8166617
20813,257.643388
20814,277.0366036
20815,321.2892864
20816,369.9846599
20817,478.1010201
20818,678.6101003
20819,752.3282752
20820,760.2989848
20821,672.4251781
20822,718.9863178
20823,709.9049356
20824,691.7857268
20825,707.9013692
20826,725.3236853
20827,769.6417018
20828,739.5990955
20829,690.3374968
20830,692.8419547
20831,676.4649776
20832,497.1284368
20833,396.734501
20834,335.759585
20835,277.4261498
20836,233.5104286
20837,209.0303515
20838,224.7643888
20839,260.667324
20840,300.1746877
20841,387.8912829
20842,550.5676235
20843,610.3764008
20844,616.8431696
20845,545.5496935
20846,583.325518
20847,575.9576421
20848,561.2572277
20849,574.3321155
20850,588.4671293
20851,624.4230708
20852,600.0490063
20853,560.0822546
20854,562.1141629
20855,548.8272499
20856,491.6448004
20857,392.3582722
20858,332.0559476
20859,274.3659665
20860,230.9346631
20861,206.7246165
20862,222.2850976
20863,257.792001
20864,296.8635738
20865,383.6126004
20866,544.4945196
20867,603.6435688
20868,610.0390051
20869,539.5319405
20870,576.8910741
20871,569.6044704
20872,555.0662108
20873,567.9968744
20874,581.9759703
20875,617.5352953
20876,593.4300919
20877,553.9041984
20878,555.9136935
20879,542.7733434
20880,641.117769
20881,511.6455212
20882,433.0097016
20883,357.7804468
20884,301.1448833
20885,269.5743448
20886,289.865622
20887,336.1675592
20888,387.1179193
20889,500.2409348
20890,710.0351948
20891,787.1671129
20892,795.5069304
20893,703.5638611
20894,752.2811553
20895,742.7792321
20896,723.8209586
20897,740.6828846
20898,758.9119937
20899,805.2822902
20900,773.8484701
20901,722.3056639
20902,724.9260984
20903,707.7907358
20904,634.732861
20905,506.5500306
20906,428.6973471
20907,354.2173023
20908,298.1457738
20909,266.8896471
20910,286.9788429
20911,332.819658
20912,383.2626022
20913,495.2590227
20914,702.9639364
20915,779.3276958
20916,787.5844568
20917,696.5570508
20918,744.7891683
20919,735.381875
20920,716.6124074
20921,733.3064051
20922,751.35397
20923,797.2624635
20924,766.1416936
20925,715.1122036
20926,717.7065411
20927,700.74183
20928,650.0468968
20929,518.7714323
20930,439.0404172
20931,362.7634116
20932,305.3390598
20933,273.3288247
20934,293.9027073
20935,340.8495119
20936,392.50948
20937,507.2080092
20938,719.9241657
20939,798.1303338
20940,806.5863035
20941,713.3627029
20942,762.7585042
20943,753.1242436
20944,733.9019299
20945,750.9986993
20946,769.4816932
20947,816.497809
20948,784.6261964
20949,732.365531
20950,735.0224614
20951,717.6484471
20952,633.9280181
20953,505.9077238
20954,428.1537577
20955,353.7681538
20956,297.7677241
20957,266.5512304
20958,286.614953
20959,332.3976418
20960,382.7766242
20961,494.631033
20962,702.0725763
20963,778.3395062
20964,786.5857976
20965,695.6738147
20966,743.8447737
20967,734.4494089
20968,715.703741
20969,732.3765706
20970,750.4012513
20971,796.2515326
20972,765.170224
20973,714.2054394
20974,716.7964873
20975,699.8532875
20976,621.3565597
20977,495.8750423
20978,419.663019
20979,346.7525598
20980,291.8626774
20981,261.2652395
20982,280.9310775
20983,325.8058475
20984,375.1857617
20985,484.8219801
20986,688.1497397
20987,762.9042164
20988,770.9869751
20989,681.8778723
20990,729.0935506
20991,719.8845057
20992,701.5105842
20993,717.852774
20994,735.5200063
20995,780.4610285
20996,749.9960948
20997,700.0419955
20998,702.5816601
20999,685.9744618
21000,505.7421398
21001,403.6086867
21002,341.5772634
21003,282.2330896
21004,237.5564444
21005,212.6522031
21006,228.6588627
21007,265.183885
21008,305.3757895
21009,394.6122429
21010,560.1072629
21011,620.9523419
21012,627.5311599
21013,555.0023877
21014,593.4327508
21015,585.9372122
21016,570.982085
21017,584.2835203
21018,598.6634503
21019,635.2423974
21020,610.4460055
21021,569.7867533
21022,571.8538682
21023,558.336734
21024,500.2585035
21025,399.2324579
21026,337.873626
21027,279.1729063
21028,234.9806789
21029,210.3464681
21030,226.1795715
21031,262.308562
21032,302.0646757
21033,390.3335604
21034,554.034159
21035,614.2195099
21036,620.7269954
21037,548.9846347
21038,586.9983069
21039,579.5840406
21040,564.7910681
21041,577.9482792
21042,592.1722913
21043,628.3546219
21044,603.8270911
21045,563.6086971
21046,565.6533988
21047,552.2828275
21048,649.7314721
21049,518.519707
21050,438.82738
21051,362.5873866
21052,305.190899
21053,273.1961964
21054,293.7600958
21055,340.6841203
21056,392.3190212
21057,506.9618948
21058,719.5748343
21059,797.7430541
21060,806.1949207
21061,713.0165553
21062,762.388388
21063,752.7588023
21064,733.5458159
21065,750.6342894
21066,769.1083148
21067,816.1016168
21068,784.2454693
21069,732.0101626
21070,734.6658037
21071,717.3002199
21072,643.3465641
21073,513.4242163
21074,434.5150255
21075,359.0242421
21076,302.1917895
21077,270.5114987
21078,290.8733168
21079,337.3362191
21080,388.463704
21081,501.9799827
21082,712.5035758
21083,789.9036369
21084,798.2724471
21085,706.009745
21086,754.896401
21087,745.3614452
21088,726.3372647
21089,743.2578099
21090,761.5502911
21091,808.0817901
21092,776.5386929
21093,724.8167022
21094,727.4462464
21095,710.2513141
21096,658.6605998
21097,525.645618
21098,444.8580956
21099,367.5703515
21100,309.3850756
21101,276.9506762
21102,297.7971812
21103,345.366073
21104,397.7105818
21105,513.9289692
21106,729.4638051
21107,808.7062749
21108,817.2742938
21109,722.815397
21110,772.8657369
21111,763.1038137
21112,743.6267872
21113,760.9501041
21114,779.6780142
21115,827.3171357
21116,795.0231956
21117,742.0700297
21118,744.7621667
21119,727.1579312
21120,642.5417211
21121,512.7819095
21122,433.9714361
21123,358.5750936
21124,301.8137399
21125,270.1730819
21126,290.5094269
21127,336.9142029
21128,387.9777261
21129,501.351993
21130,711.6122157
21131,788.9154474
21132,797.2737879
21133,705.1265088
21134,753.9520064
21135,744.4289791
21136,725.4285983
21137,742.3279754
21138,760.5975723
21139,807.0708593
21140,775.5672232
21141,723.9099381
21142,726.5361927
21143,709.3627716
21144,629.9702627
21145,502.749228
21146,425.4806974
21147,351.5594996
21148,295.9086932
21149,264.887091
21150,284.8255513
21151,330.3224085
21152,380.3868636
21153,491.5429401
21154,697.6893792
21155,773.4801575
21156,781.6749654
21157,691.3305665
21158,739.2007833
21159,729.8640759
21160,711.2354415
21161,727.8041788
21162,745.7163273
21163,791.2803551
21164,760.393094
21165,709.7464941
21166,712.3213655
21167,695.4839459
21168,514.3558429
21169,410.4828724
21170,347.3949418
21171,287.0400294
21172,241.6024602
21173,216.2740546
21174,232.5533366
21175,269.7004461
21176,310.5768914
21177,401.3332029
21178,569.6469023
21179,631.5282831
21180,638.2191502
21181,564.4550819
21182,603.5399835
21183,595.9167824
21184,580.7069423
21185,594.2349251
21186,608.8597714
21187,646.061724
21188,620.8430048
21189,579.491252
21190,581.5935736
21191,567.8462181
21192,508.8722066
21193,406.1066437
21194,343.6913044
21195,283.9798461
21196,239.0266947
21197,213.9683196
21198,230.0740453
21199,266.8251231
21200,307.2657776
21201,397.0545204
21202,563.5737984
21203,624.7954511
21204,631.4149858
21205,558.4373289
21206,597.1055396
21207,589.5636108
21208,574.5159254
21209,587.899684
21210,602.3686123
21211,639.1739485
21212,614.2240904
21213,573.3131958
21214,575.3931042
21215,561.7923116
21216,658.3451752
21217,525.3938927
21218,444.6450584
21219,367.3943264
21220,309.2369148
21221,276.8180479
21222,297.6545697
21223,345.2006813
21224,397.520123
21225,513.6828548
21226,729.1144737
21227,808.3189952
21228,816.882911
21229,722.4692494
21230,772.4956208
21231,762.7383725
21232,743.2706733
21233,760.5856942
21234,779.3046358
21235,826.9209434
21236,794.6424685
21237,741.7146612
21238,744.4055091
21239,726.809704
21240,651.9602672
21241,520.298402
21242,440.3327039
21243,363.8311819
21244,306.2378053
21245,274.1333502
21246,294.7677907
21247,341.8527801
21248,393.6648059
21249,508.7009427
21250,722.0432153
21251,800.4795781
21252,808.9604374
21253,715.4624392
21254,765.0036338
21255,755.3410154
21256,736.0621221
21257,753.2092147
21258,771.7466121
21259,818.9011168
21260,786.9356921
21261,734.5212009
21262,737.1859518
21263,719.7607982
21264,667.2743029
21265,532.5198037
21266,450.6757741
21267,372.3772913
21268,313.4310914
21269,280.5725278
21270,301.6916551
21271,349.882634
21272,402.9116837
21273,520.6499293
21274,739.0034446
21275,819.2822161
21276,827.9622842
21277,732.2680912
21278,782.9729697
21279,773.0833839
21280,753.3516445
21281,770.9015089
21282,789.8743352
21283,838.1364623
21284,805.4201948
21285,751.7745283
21286,754.5018721
21287,736.6674153
21288,651.1554242
21289,519.6560952
21290,439.7891145
21291,363.3820335
21292,305.8597557
21293,273.7949334
21294,294.4039008
21295,341.4307639
21296,393.1788279
21297,508.072953
21298,721.1518552
21299,799.4913885
21300,807.9617783
21301,714.579203
21302,764.0592392
21303,754.4085492
21304,735.1534557
21305,752.2793802
21306,770.7938933
21307,817.8901859
21308,785.9642224
21309,733.6144368
21310,736.275898
21311,718.8722557
21312,638.5839658
21313,509.6234137
21314,431.2983758
21315,356.3664394
21316,299.954709
21317,268.5089426
21318,288.7200252
21319,334.8389696
21320,385.5879654
21321,498.2639001
21322,707.2290186
21323,784.0560987
21324,792.3629558
21325,700.7832606
21326,749.3080161
21327,739.8436461
21328,720.9602988
21329,737.7555836
21330,755.9126484
21331,802.0996817
21332,770.7900933
21333,719.4509928
21334,722.0610708
21335,704.99343
21336,522.969546
21337,417.3570581
21338,353.2126202
21339,291.8469693
21340,245.648476
21341,219.8959061
21342,236.4478105
21343,274.2170071
21344,315.7779932
21345,408.0541629
21346,579.1865418
21347,642.1042242
21348,648.9071405
21349,573.9077761
21350,613.6472163
21351,605.8963526
21352,590.4317996
21353,604.1863299
21354,619.0560924
21355,656.8810507
21356,631.240004
21357,589.1957506
21358,591.333279
21359,577.3557023
21360,517.4859096
21361,412.9808294
21362,349.5089828
21363,288.786786
21364,243.0727105
21365,217.5901711
21366,233.9685192
21367,271.3416841
21368,312.4668794
21369,403.7754804
21370,573.1134379
21371,635.3713922
21372,642.1029761
21373,567.8900231
21374,607.2127724
21375,599.543181
21376,584.2407827
21377,597.8510889
21378,612.5649333
21379,649.9932752
21380,624.6210896
21381,583.0176944
21382,585.1328096
21383,571.3017958
21384,666.9588783
21385,532.2680784
21386,450.4627369
21387,372.2012663
21388,313.2829306
21389,280.4398994
21390,301.5490436
21391,349.7172424
21392,402.7212249
21393,520.4038148
21394,738.6541131
21395,818.8949364
21396,827.5709013
21397,731.9219436
21398,782.6028535
21399,772.7179427
21400,752.9955306
21401,770.537099
21402,789.5009568
21403,837.7402701
21404,805.0394678
21405,751.4191599
21406,754.1452145
21407,736.3191881
21408,660.5739702
21409,527.1725877
21410,446.1503823
21411,368.6381218
21412,310.2838211
21413,277.7552017
21414,298.6622646
21415,346.3693412
21416,398.8659078
21417,515.4219028
21418,731.5828547
21419,811.0555192
21420,819.6484277
21421,724.9151334
21422,775.1108665
21423,765.3205856
21424,745.7869794
21425,763.1606195
21426,781.9429331
21427,829.7204434
21428,797.3326913
21429,744.2256996
21430,746.9256571
21431,729.2702823
21432,675.888006
21433,539.3939895
21434,456.4934525
21435,377.1842311
21436,317.4771072
21437,284.1943793
21438,305.586129
21439,354.3991951
21440,408.1127856
21441,527.3708893
21442,748.543084
21443,829.8581572
21444,838.6502745
21445,741.7207854
21446,793.0802024
21447,783.0629541
21448,763.0765018
21449,780.8529137
21450,800.0706563
21451,848.9557889
21452,815.8171941
21453,761.479027
21454,764.2415775
21455,746.1768995
21456,659.7691273
21457,526.530281
21458,445.606793
21459,368.1889733
21460,309.9057715
21461,277.4167849
21462,298.2983746
21463,345.947325
21464,398.3799298
21465,514.793913
21466,730.6914946
21467,810.0673297
21468,818.6497686
21469,724.0318972
21470,774.1664719
21471,764.3881194
21472,744.878313
21473,762.2307851
21474,780.9902143
21475,828.7095125
21476,796.3612217
21477,743.3189354
21478,746.0156034
21479,728.3817399
21480,647.1976689
21481,516.4975994
21482,437.1160543
21483,361.1733793
21484,304.0007248
21485,272.1307941
21486,292.6144991
21487,339.3555306
21488,390.7890673
21489,504.9848601
21490,716.768658
21491,794.6320398
21492,803.0509461
21493,710.2359548
21494,759.4152488
21495,749.8232163
21496,730.6851561
21497,747.7069885
21498,766.1089694
21499,812.9190083
21500,781.1870925
21501,729.1554914
21502,731.8007762
21503,714.5029141
21504,531.5832491
21505,424.2312438
21506,359.0302987
21507,296.6539091
21508,249.6944918
21509,223.5177576
21510,240.3422843
21511,278.7335682
21512,320.9790951
21513,414.775123
21514,588.7261812
21515,652.6801654
21516,659.5951308
21517,583.3604703
21518,623.754449
21519,615.8759228
21520,600.1566569
21521,614.1377347
21522,629.2524134
21523,667.7003773
21524,641.6370032
21525,598.9002493
21526,601.0729843
21527,586.8651864
21528,526.0996127
21529,419.8550151
21530,355.3266612
21531,293.5937258
21532,247.1187263
21533,221.2120226
21534,237.8629931
21535,275.8582452
21536,317.6679813
21537,410.4964404
21538,582.6530773
21539,645.9473334
21540,652.7909664
21541,577.3427173
21542,617.3200051
21543,609.5227511
21544,593.96564
21545,607.8024937
21546,622.7612543
21547,660.8126018
21548,635.0180889
21549,592.7221931
21550,594.8725149
21551,580.8112799
21552,675.5725814
21553,539.1422641
21554,456.2804153
21555,377.0082061
21556,317.3289464
21557,284.0617509
21558,305.4435175
21559,354.2338034
21560,407.9223267
21561,527.1247749
21562,748.1937526
21563,829.4708775
21564,838.2588916
21565,741.3746378
21566,792.7100863
21567,782.6975129
21568,762.7203879
21569,780.4885038
21570,799.6972778
21571,848.5595967
21572,815.436467
21573,761.1236586
21574,763.8849198
21575,745.8286723
21576,669.1876733
21577,534.0467734
21578,451.9680607
21579,373.4450616
21580,314.3298369
21581,281.3770532
21582,302.5567384
21583,350.8859022
21584,404.0670096
21585,522.1428628
21586,741.1224941
21587,821.6314604
21588,830.336418
21589,734.3678275
21590,785.2180993
21591,775.3001557
21592,755.5118367
21593,773.1120243
21594,792.1392541
21595,840.53977
21596,807.7296906
21597,753.9301982
21598,756.6653625
21599,738.7797665
21600,684.5017091
21601,546.2681752
21602,462.3111309
21603,381.9911709
21604,321.523123
21605,287.8162308
21606,309.4806028
21607,358.9157561
21608,413.3138874
21609,534.0918493
21610,758.0827234
21611,840.4340984
21612,849.3382648
21613,751.1734796
21614,803.1874352
21615,793.0425243
21616,772.8013591
21617,790.8043185
21618,810.2669773
21619,859.7751155
21620,826.2141933
21621,771.1835256
21622,773.9812828
21623,755.6863836
21624,668.3828304
21625,533.4044667
21626,451.4244714
21627,372.9959131
21628,313.9517873
21629,281.0386365
21630,302.1928485
21631,350.463886
21632,403.5810316
21633,521.514873
21634,740.231134
21635,820.6432708
21636,829.3377589
21637,733.4845914
21638,784.2737047
21639,774.3676896
21640,754.6031703
21641,772.1821899
21642,791.1865353
21643,839.5288391
21644,806.7582209
21645,753.0234341
21646,755.7553087
21647,737.891224
21648,655.811372
21649,523.3717852
21650,442.9337327
21651,365.9803191
21652,308.0467406
21653,275.7526456
21654,296.508973
21655,343.8720917
21656,395.9901691
21657,511.7058201
21658,726.3082975
21659,805.207981
21660,813.7389364
21661,719.688649
21662,769.5224816
21663,759.8027864
21664,740.4100134
21665,757.6583933
21666,776.3052904
21667,823.738335
21668,791.5840917
21669,738.8599901
21670,741.5404816
21671,724.0123983
21672,540.1969522
21673,431.1054295
21674,364.8479771
21675,301.4608489
21676,253.7405075
21677,227.1396092
21678,244.2367582
21679,283.2501292
21680,326.1801969
21681,421.496083
21682,598.2658206
21683,663.2561065
21684,670.2831212
21685,592.8131644
21686,633.8616818
21687,625.8554929
21688,609.8815143
21689,624.0891395
21690,639.4487344
21691,678.5197039
21692,652.0340025
21693,608.6047479
21694,610.8126897
21695,596.3746705
21696,534.7133158
21697,426.7292008
21698,361.1443397
21699,298.4006656
21700,251.164742
21701,224.8338741
21702,241.757467
21703,280.3748062
21704,322.8690831
21705,417.2174004
21706,592.1927167
21707,656.5232745
21708,663.4789567
21709,586.7954114
21710,627.4272379
21711,619.5023213
21712,603.6904974
21713,617.7538985
21714,632.9575754
21715,671.6319284
21716,645.4150881
21717,602.4266917
21718,604.6122203
21719,590.320764
21720,684.1862845
21721,546.0164498
21722,462.0980937
21723,381.8151459
21724,321.3749622
21725,287.6836024
21726,309.3379914
21727,358.7503645
21728,413.1234286
21729,533.8457349
21730,757.733392
21731,840.0468187
21732,848.9468819
21733,750.827332
21734,802.817319
21735,792.677083
21736,772.4452452
21737,790.4399087
21738,809.8935989
21739,859.3789233
21740,825.8334663
21741,770.8281572
21742,773.6246252
21743,755.3381564
21744,677.8013764
21745,540.9209591
21746,457.7857391
21747,378.2520014
21748,318.3758527
21749,284.9989047
21750,306.4512123
21751,355.4024633
21752,409.2681115
21753,528.8638228
21754,750.6621336
21755,832.2074015
21756,841.0244083
21757,743.8205217
21758,795.325332
21759,785.2797259
21760,765.236694
21761,783.0634291
21762,802.3355752
21763,851.3590967
21764,818.1266898
21765,763.6346969
21766,766.4050679
21767,748.2892506
21768,693.1154122
21769,553.1423609
21770,468.1288093
21771,386.7981108
21772,325.5691387
21773,291.4380823
21774,313.3750767
21775,363.4323172
21776,418.5149893
21777,540.8128093
21778,767.6223629
21779,851.0100395
21780,860.0262551
21781,760.6261738
21782,813.2946679
21783,803.0220944
21784,782.5262165
21785,800.7557233
21786,820.4632983
21787,870.5944422
21788,836.6111926
21789,780.8880243
21790,783.7209882
21791,765.1958677
21792,676.9965335
21793,540.2786524
21794,457.2421498
21795,377.802853
21796,317.9978031
21797,284.660488
21798,306.0873224
21799,354.9804471
21800,408.7821335
21801,528.235833
21802,749.7707735
21803,831.219212
21804,840.0257492
21805,742.9372856
21806,794.3809374
21807,784.3472598
21808,764.3280276
21809,782.1335947
21810,801.3828564
21811,850.3481658
21812,817.1552202
21813,762.7279327
21814,765.4950141
21815,747.4007081
21816,664.4250751
21817,530.2459709
21818,448.7514111
21819,370.7872589
21820,312.0927563
21821,279.3744971
21822,300.4034468
21823,348.3886527
21824,401.191271
21825,518.4267802
21826,735.8479369
21827,815.7839221
21828,824.4269267
21829,729.1413432
21830,779.6297143
21831,769.7823566
21832,750.1348707
21833,767.6097981
21834,786.5016114
21835,834.5576616
21836,801.981091
21837,748.5644888
21838,751.2801869
21839,733.5218824
21840,548.8106553
21841,437.9796152
21842,370.6656555
21843,306.2677887
21844,257.7865233
21845,230.7614607
21846,248.1312321
21847,287.7666903
21848,331.3812988
21849,428.217043
21850,607.8054601
21851,673.8320476
21852,680.9711115
21853,602.2658586
21854,643.9689145
21855,635.8350631
21856,619.6063716
21857,634.0405443
21858,649.6450554
21859,689.3390305
21860,662.4310017
21861,618.3092466
21862,620.5523951
21863,605.8841546
21864,543.3270189
21865,433.6033865
21866,366.9620181
21867,303.2076055
21868,255.2107578
21869,228.4557257
21870,245.6519408
21871,284.8913673
21872,328.070185
21873,423.9383605
21874,601.7323562
21875,667.0992157
21876,674.166947
21877,596.2481056
21878,637.5344706
21879,629.4818915
21880,613.4153547
21881,627.7053033
21882,643.1538964
21883,682.4512551
21884,655.8120873
21885,612.1311904
21886,614.3519256
21887,599.8302481
21888,692.7999876
21889,552.8906355
21890,467.9157721
21891,386.6220858
21892,325.420978
21893,291.305454
21894,313.2324652
21895,363.2669255
21896,418.3245304
21897,540.5666949
21898,767.2730314
21899,850.6227598
21900,859.6348723
21901,760.2800262
21902,812.9245518
21903,802.6566532
21904,782.1701025
21905,800.3913135
21906,820.0899199
21907,870.1982499
21908,836.2304655
21909,780.5326559
21910,783.3643305
21911,764.8476405
21912,686.4150795
21913,547.7951449
21914,463.6034175
21915,383.0589413
21916,322.4218685
21917,288.6207563
21918,310.3456862
21919,359.9190243
21920,414.4692133
21921,535.5847828
21922,760.201773
21923,842.7833427
21924,851.7123987
21925,753.2732159
21926,805.4325648
21927,795.2592961
21928,774.9615513
21929,793.0148339
21930,812.5318962
21931,862.1784233
21932,828.5236891
21933,773.3391955
21934,776.1447732
21935,757.7987347
21936,701.7291153
21937,560.0165466
21938,473.9464877
21939,391.6050506
21940,329.6151545
21941,295.0599338
21942,317.2695506
21943,367.9488782
21944,423.7160911
21945,547.5337693
21946,777.1620023
21947,861.5859807
21948,870.7142454
21949,770.0788679
21950,823.4019007
21951,813.0016646
21952,792.2510738
21953,810.7071281
21954,830.6596193
21955,881.4137688
21956,847.0081918
21957,790.592523
21958,793.4606936
21959,774.7053518
21960,685.6102366
21961,547.1528381
21962,463.0598282
21963,382.6097928
21964,322.0438188
21965,288.2823395
21966,309.9817963
21967,359.4970081
21968,413.9832353
21969,534.956793
21970,759.3104129
21971,841.7951531
21972,850.7137395
21973,752.3899797
21974,804.4881702
21975,794.3268299
21976,774.0528849
21977,792.0849995
21978,811.5791774
21979,861.1674924
21980,827.5522194
21981,772.4324314
21982,775.2347195
21983,756.9101922
21984,673.0387782
21985,537.1201566
21986,454.5690895
21987,375.5941987
21988,316.1387721
21989,282.9963486
21990,304.2979207
21991,352.9052138
21992,406.3923729
21993,525.1477402
21994,745.3875763
21995,826.3598632
21996,835.114917
21997,738.5940374
21998,789.7369471
21999,779.7619268
22000,759.8597281
22001,777.5612029
22002,796.6979324
22003,845.3769882
22004,812.3780902
22005,758.2689874
22006,761.0198923
22007,743.0313665
22008,557.4243584
22009,444.8538009
22010,376.4833339
22011,311.0747286
22012,261.8325391
22013,234.3833122
22014,252.025706
22015,292.2832513
22016,336.5824006
22017,434.938003
22018,617.3450995
22019,684.4079888
22020,691.6591018
22021,611.7185528
22022,654.0761473
22023,645.8146333
22024,629.3312289
22025,643.9919492
22026,659.8413765
22027,700.1583572
22028,672.828001
22029,628.0137453
22030,630.2921004
22031,615.3936388
22032,551.940722
22033,440.4775722
22034,372.7796965
22035,308.0145453
22036,259.2567736
22037,232.0775772
22038,249.5464147
22039,289.4079283
22040,333.2712868
22041,430.6593205
22042,611.2719956
22043,677.6751568
22044,684.8549373
22045,605.7007998
22046,647.6417034
22047,639.4614617
22048,623.140212
22049,637.6567081
22050,653.3502174
22051,693.2705817
22052,666.2090866
22053,621.835689
22054,624.091631
22055,609.3397323
22056,701.4136907
22057,559.7648212
22058,473.7334505
22059,391.4290256
22060,329.4669937
22061,294.9273055
22062,317.1269391
22063,367.7834866
22064,423.5256323
22065,547.2876549
22066,776.8126709
22067,861.198701
22068,870.3228626
22069,769.7327203
22070,823.0317845
22071,812.6362234
22072,791.8949599
22073,810.3427183
22074,830.2862409
22075,881.0175766
22076,846.6274648
22077,790.2371545
22078,793.1040359
22079,774.3571246
22080,695.0287826
22081,554.6693306
22082,469.421096
22083,387.8658811
22084,326.4678842
22085,292.2426078
22086,314.2401601
22087,364.4355854
22088,419.6703152
22089,542.3057428
22090,769.7414124
22091,853.3592838
22092,862.400389
22093,762.7259101
22094,815.5397975
22095,805.2388663
22096,784.6864087
22097,802.9662387
22098,822.7282172
22099,872.9977499
22100,838.9206883
22101,783.0436942
22102,785.8844786
22103,767.3082188
22104,710.3428184
22105,566.8907323
22106,479.7641661
22107,396.4119904
22108,333.6611703
22109,298.6817854
22110,321.1640245
22111,372.4654393
22112,428.917193
22113,554.2547293
22114,786.7016418
22115,872.1619218
22116,881.4022357
22117,779.5315621
22118,833.5091334
22119,822.9812348
22120,801.9759311
22121,820.6585329
22122,840.8559404
22123,892.2330954
22124,857.405191
22125,800.2970216
22126,803.2003989
22127,784.214836
22128,694.2239397
22129,554.0270238
22130,468.8775066
22131,387.4167326
22132,326.0898346
22133,291.904191
22134,313.8762701
22135,364.0135692
22136,419.1843372
22137,541.6777531
22138,768.8500523
22139,852.3710943
22140,861.4017298
22141,761.8426739
22142,814.5954029
22143,804.3064001
22144,783.7777423
22145,802.0364043
22146,821.7754984
22147,871.986819
22148,837.9492186
22149,782.1369301
22150,784.9744248
22151,766.4196764
22152,681.6524813
22153,543.9943423
22154,460.3867679
22155,380.4011386
22156,320.1847879
22157,286.6182002
22158,308.1923946
22159,357.4217748
22160,411.5934747
22161,531.8687002
22162,754.9272158
22163,836.9358044
22164,845.8029073
22165,748.0467315
22166,799.8441798
22167,789.741497
22168,769.5845854
22169,787.5126077
22170,806.8942535
22171,856.1963149
22172,822.7750895
22173,767.9734861
22174,770.7595977
22175,752.5408506
22176,566.0380615
22177,451.7279867
22178,382.3010123
22179,315.8816684
22180,265.8785549
22181,238.0051637
22182,255.9201798
22183,296.7998124
22184,341.7835025
22185,441.658963
22186,626.8847389
22187,694.9839299
22188,702.3470921
22189,621.171247
22190,664.18338
22191,655.7942035
22192,639.0560862
22193,653.943354
22194,670.0376975
22195,710.9776838
22196,683.2250002
22197,637.7182439
22198,640.0318058
22199,624.9031229
22200,560.5544251
22201,447.3517579
22202,378.5973749
22203,312.8214851
22204,263.3027894
22205,235.6994287
22206,253.4408886
22207,293.9244894
22208,338.4723887
22209,437.3802805
22210,620.811635
22211,688.251098
22212,695.5429276
22213,615.153494
22214,657.7489361
22215,649.4410319
22216,632.8650693
22217,647.6081129
22218,663.5465384
22219,704.0899083
22220,676.6060858
22221,631.5401877
22222,633.8313364
22223,618.8492164
22224,710.0273937
22225,566.6390069
22226,479.5511289
22227,396.2359654
22228,333.5130095
22229,298.549157
22230,321.021413
22231,372.3000476
22232,428.7267342
22233,554.0086149
22234,786.3523103
22235,871.7746421
22236,881.0108529
22237,779.1854145
22238,833.1390173
22239,822.6157936
22240,801.6198172
22241,820.2941231
22242,840.4825619
22243,891.8369032
22244,857.024464
22245,799.9416532
22246,802.8437413
22247,783.8666088
22248,703.6424857
22249,561.5435163
22250,475.2387744
22251,392.6728209
22252,330.5139
22253,295.8644593
22254,318.1346339
22255,368.9521464
22256,424.871417
22257,549.0267028
22258,779.2810519
22259,863.935225
22260,873.0883793
22261,772.1786043
22262,825.6470303
22263,815.2184364
22264,794.411266
22265,812.9176436
22266,832.9245382
22267,883.8170766
22268,849.3176875
22269,792.7481929
22270,795.624184
22271,776.817703
22272,718.9565215
22273,573.764918
22274,485.5818445
22275,401.2189303
22276,337.7071861
22277,302.3036369
22278,325.0584984
22279,376.9820003
22280,434.1182948
22281,560.9756893
22282,796.2412812
22283,882.737863
22284,892.090226
22285,788.9842563
22286,843.6163662
22287,832.960805
22288,811.7007884
22289,830.6099378
22290,851.0522614
22291,903.0524221
22292,867.8021903
22293,810.0015203
22294,812.9401043
22295,793.7243201
22296,702.8376428
22297,560.9012095
22298,474.695185
22299,392.2236724
22300,330.1358504
22301,295.5260425
22302,317.770744
22303,368.5301302
22304,424.385439
22305,548.3987131
22306,778.3896918
22307,862.9470354
22308,872.0897201
22309,771.2953681
22310,824.7026357
22311,814.2859703
22312,793.5025996
22313,811.9878091
22314,831.9718194
22315,882.8061457
22316,848.3462179
22317,791.8414287
22318,794.7141302
22319,775.9291605
22320,690.2661844
22321,550.868528
22322,466.2044463
22323,385.2080784
22324,324.2308037
22325,290.2400517
22326,312.0868685
22327,361.9383359
22328,416.7945766
22329,538.5896602
22330,764.4668552
22331,847.5117455
22332,856.4908976
22333,757.4994257
22334,809.9514126
22335,799.7210671
22336,779.3094427
22337,797.4640125
22338,817.0905745
22339,867.0156415
22340,833.1720887
22341,777.6779847
22342,780.499303
22343,762.0503348
22344,574.6517646
22345,458.6021724
22346,388.1186907
22347,320.6886082
22348,269.9245707
22349,241.6270152
22350,259.8146537
22351,301.3163734
22352,346.9846044
22353,448.379923
22354,636.4243784
22355,705.5598711
22356,713.0350824
22357,630.6239412
22358,674.2906128
22359,665.7737737
22360,648.7809435
22361,663.8947588
22362,680.2340185
22363,721.7970104
22364,693.6219994
22365,647.4227426
22366,649.7715112
22367,634.412607
22368,569.1681282
22369,454.2259436
22370,384.4150533
22371,317.628425
22372,267.3488052
22373,239.3212802
22374,257.3353625
22375,298.4410504
22376,343.6734905
22377,444.1012405
22378,630.3512745
22379,698.8270391
22380,706.2309179
22381,624.6061882
22382,667.8561689
22383,659.420602
22384,642.5899266
22385,657.5595177
22386,673.7428594
22387,714.9092349
22388,687.0030851
22389,641.2446864
22390,643.5710417
22391,628.3587005
22392,718.6410968
22393,573.5131926
22394,485.3688073
22395,401.0429052
22396,337.5590253
22397,302.1710085
22398,324.9158869
22399,376.8166087
22400,433.927836
22401,560.7295749
22402,795.8919497
22403,882.3505833
22404,891.6988432
22405,788.6381087
22406,843.24625
22407,832.5953637
22408,811.3446745
22409,830.2455279
22410,850.6788829
22411,902.6562298
22412,867.4214632
22413,809.6461519
22414,812.5834466
22415,793.3760929
22416,712.2561888
22417,568.417702
22418,481.0564528
22419,397.4797607
22420,334.5599158
22421,299.4863108
22422,322.0291078
22423,373.4687075
22424,430.0725189
22425,555.7476628
22426,788.8206913
22427,874.5111661
22428,883.7763696
22429,781.6312984
22430,835.754263
22431,825.1980066
22432,804.1361233
22433,822.8690484
22434,843.1208592
22435,894.6364032
22436,859.7146868
22437,802.4526915
22438,805.3638893
22439,786.3271871
22440,727.5702246
22441,580.6391037
22442,491.3995229
22443,406.0258701
22444,341.7532019
22445,305.9254884
22446,328.9529722
22447,381.4985614
22448,439.3193967
22449,567.6966493
22450,805.7809206
22451,893.3138041
22452,902.7782163
22453,798.4369505
22454,853.7235989
22455,842.9403752
22456,821.4256457
22457,840.5613426
22458,861.2485824
22459,913.8717487
22460,878.1991895
22461,819.7060189
22462,822.6798097
22463,803.2338042
22464,711.4513459
22465,567.7753952
22466,480.5128634
22467,397.0306123
22468,334.1818662
22469,299.1478941
22470,321.6652179
22471,373.0466913
22472,429.5865409
22473,555.1196731
22474,787.9293312
22475,873.5229766
22476,882.7777104
22477,780.7480623
22478,834.8098684
22479,824.2655405
22480,803.2274569
22481,821.9392139
22482,842.1681405
22483,893.6254723
22484,858.7432171
22485,801.5459274
22486,804.4538356
22487,785.4386446
22488,698.8798875
22489,557.7427137
22490,472.0221247
22491,390.0150182
22492,328.2768195
22493,293.8619032
22494,315.9813424
22495,366.4548969
22496,421.9956784
22497,545.3106202
22498,774.0064946
22499,858.0876867
22500,867.1788879
22501,766.9521199
22502,820.0586453
22503,809.7006373
22504,789.0343
22505,807.4154173
22506,827.2868955
22507,877.8349681
22508,843.5690879
22509,787.3824834
22510,790.2390084
22511,771.5598189
22512,583.2654677
22513,465.4763581
22514,393.9363691
22515,325.4955481
22516,273.9705865
22517,245.2488668
22518,263.7091276
22519,305.8329345
22520,352.1857062
22521,455.100883
22522,645.9640178
22523,716.1358122
22524,723.7230727
22525,640.0766353
22526,684.3978455
22527,675.7533438
22528,658.5058009
22529,673.8461636
22530,690.4303395
22531,732.6163371
22532,704.0189987
22533,657.1272412
22534,659.5112165
22535,643.9220911
22536,577.7818313
22537,461.1001294
22538,390.2327317
22539,322.4353648
22540,271.3948209
22541,242.9431318
22542,261.2298364
22543,302.9576115
22544,348.8745924
22545,450.8222005
22546,639.8909139
22547,709.4029803
22548,716.9189083
22549,634.0588823
22550,677.9634016
22551,669.4001722
22552,652.314784
22553,667.5109225
22554,683.9391805
22555,725.7285616
22556,697.4000843
22557,650.949185
22558,653.3107471
22559,637.8681846
22560,727.2547999
22561,580.3873784
22562,491.1864857
22563,405.8498451
22564,341.6050411
22565,305.7928601
22566,328.8103607
22567,381.3331697
22568,439.1289379
22569,567.4505349
22570,805.4315892
22571,892.9265244
22572,902.3868335
22573,798.0908029
22574,853.3534828
22575,842.5749339
22576,821.0695318
22577,840.1969327
22578,860.875204
22579,913.4755565
22580,877.8184625
22581,819.3506505
22582,822.323152
22583,802.885577
22584,720.8698919
22585,575.2918877
22586,486.8741312
22587,402.2867006
22588,338.6059316
22589,303.1081624
22590,325.9235817
22591,377.9852685
22592,435.2736207
22593,562.4686228
22594,798.3603307
22595,885.0871073
22596,894.4643599
22597,791.0839926
22598,845.8614958
22599,835.1775768
22600,813.8609806
22601,832.8204532
22602,853.3171803
22603,905.4557298
22604,870.111686
22605,812.1571902
22606,815.1035947
22607,795.8366712
22608,736.1839277
22609,587.5132894
22610,497.2172014
22611,410.8328099
22612,345.7992177
22613,309.5473399
22614,332.8474461
22615,386.0151224
22616,444.5204985
22617,574.4176093
22618,815.3205601
22619,903.8897453
22620,913.4662067
22621,807.8896447
22622,863.8308317
22623,852.9199453
22624,831.1505031
22625,850.5127474
22626,871.4449034
22627,924.6910753
22628,888.5961888
22629,829.4105176
22630,832.419515
22631,812.7432883
22632,720.065049
22633,574.6495809
22634,486.3305418
22635,401.8375521
22636,338.227882
22637,302.7697456
22638,325.5596918
22639,377.5632523
22640,434.7876428
22641,561.8406331
22642,797.4689706
22643,884.0989177
22644,893.4657008
22645,790.2007565
22646,844.9171012
22647,834.2451107
22648,812.9523142
22649,831.8906187
22650,852.3644615
22651,904.4447989
22652,869.1402164
22653,811.250426
22654,814.1935409
22655,794.9481288
22656,707.4935906
22657,564.6168994
22658,477.8398031
22659,394.8219581
22660,332.3228353
22661,297.4837547
22662,319.8758162
22663,370.971458
22664,427.1967803
22665,552.0315802
22666,783.5461341
22667,868.6636278
22668,877.8668783
22669,776.4048141
22670,830.1658781
22671,819.6802075
22672,798.7591573
22673,817.3668221
22674,837.4832165
22675,888.6542948
22676,853.9660872
22677,797.0869821
22678,799.9787137
22679,781.069303
22680,591.8791707
22681,472.3505438
22682,399.7540475
22683,330.3024879
22684,278.0166022
22685,248.8707183
22686,267.6036015
22687,310.3494955
22688,357.3868081
22689,461.821843
22690,655.5036572
22691,726.7117534
22692,734.411063
22693,649.5293295
22694,694.5050783
22695,685.732914
22696,668.2306582
22697,683.7975684
22698,700.6266606
22699,743.4356637
22700,714.4159979
22701,666.8317399
22702,669.2509219
22703,653.4315753
22704,586.3955344
22705,467.9743151
22706,396.0504101
22707,327.2423046
22708,275.4408367
22709,246.5649833
22710,265.1243102
22711,307.4741725
22712,354.0756942
22713,457.5431605
22714,649.4305533
22715,719.9789214
22716,727.6068986
22717,643.5115765
22718,688.0706344
22719,679.3797424
22720,662.0396413
22721,677.4623274
22722,694.1355015
22723,736.5478882
22724,707.7970835
22725,660.6536837
22726,663.0504525
22727,647.3776688
22728,735.868503
22729,587.2615641
22730,497.0041642
22731,410.6567849
22732,345.6510569
22733,309.4147116
22734,332.7048346
22735,385.8497308
22736,444.3300397
22737,574.1714949
22738,814.9712286
22739,903.5024656
22740,913.0748238
22741,807.5434971
22742,863.4607155
22743,852.5545041
22744,830.7943891
22745,850.1483375
22746,871.071525
22747,924.2948831
22748,888.2154617
22749,829.0551492
22750,832.0628574
22751,812.3950612
22752,729.483595
22753,582.1660734
22754,492.6918096
22755,407.0936404
22756,342.6519474
22757,306.7300139
22758,329.8180556
22759,382.5018296
22760,440.4747226
22761,569.1895828
22762,807.8999702
22763,895.6630484
22764,905.1523502
22765,800.5366868
22766,855.9687285
22767,845.157147
22768,823.5858379
22769,842.771858
22770,863.5135013
22771,916.2750564
22772,880.5086853
22773,821.8616888
22774,824.8433001
22775,805.3461554
22776,744.7976307
22777,594.3874751
22778,503.0348798
22779,415.6397498
22780,349.8452334
22781,313.1691914
22782,336.74192
22783,390.5316835
22784,449.7216004
22785,581.1385693
22786,824.8601995
22787,914.4656864
22788,924.154197
22789,817.3423388
22790,873.9380644
22791,862.8995155
22792,840.8753604
22793,860.4641522
22794,881.6412244
22795,935.510402
22796,898.993188
22797,839.1150162
22798,842.1592204
22799,822.2527725
22800,728.678752
22801,581.5237666
22802,492.1482203
22803,406.6444919
22804,342.2738977
22805,306.3915971
22806,329.4541657
22807,382.0798134
22808,439.9887446
22809,568.5615931
22810,807.0086101
22811,894.6748589
22812,904.1536911
22813,799.6534507
22814,855.0243339
22815,844.2246808
22816,822.6771715
22817,841.8420236
22818,862.5607825
22819,915.2641256
22820,879.5372156
22821,820.9549247
22822,823.9332463
22823,804.4576129
22824,716.1072936
22825,571.4910851
22826,483.6574816
22827,399.6288979
22828,336.368851
22829,301.1056063
22830,323.7702901
22831,375.488019
22832,432.3978821
22833,558.7525402
22834,793.0857735
22835,879.239569
22836,888.5548686
22837,785.8575083
22838,840.2731108
22839,829.6597777
22840,808.4840147
22841,827.318227
22842,847.6795376
22843,899.4736214
22844,864.3630864
22845,806.7914807
22846,809.7184191
22847,790.5787872
22848,600.4928738
22849,479.2247295
22850,405.571726
22851,335.1094277
22852,282.062618
22853,252.4925698
22854,271.4980754
22855,314.8660566
22856,362.5879099
22857,468.542803
22858,665.0432967
22859,737.2876945
22860,745.0990533
22861,658.9820237
22862,704.612311
22863,695.7124842
22864,677.9555155
22865,693.7489732
22866,710.8229816
22867,754.2549903
22868,724.8129972
22869,676.5362385
22870,678.9906272
22871,662.9410594
22872,595.0092375
22873,474.8485008
22874,401.8680886
22875,332.0492445
22876,279.4868525
22877,250.1868348
22878,269.0187841
22879,311.9907336
22880,359.2767961
22881,464.2641205
22882,658.9701928
22883,730.5548625
22884,738.2948889
22885,652.9642707
22886,698.1778671
22887,689.3593126
22888,671.7644986
22889,687.4137322
22890,704.3318225
22891,747.3672148
22892,718.1940828
22893,670.3581823
22894,672.7901578
22895,656.8871529
22896,744.4822061
22897,594.1357498
22898,502.8218426
22899,415.4637247
22900,349.6970726
22901,313.0365631
22902,336.5993085
22903,390.3662918
22904,449.5311416
22905,580.8924549
22906,824.510868
22907,914.0784067
22908,923.7628141
22909,816.9961912
22910,873.5679483
22911,862.5340743
22912,840.5192464
22913,860.0997423
22914,881.267846
22915,935.1142097
22916,898.612461
22917,838.7596478
22918,841.8025627
22919,821.9045453
22920,738.0972981
22921,589.0402591
22922,498.509488
22923,411.9005802
22924,346.6979631
22925,310.3518654
22926,333.7125295
22927,387.0183906
22928,445.6758245
22929,575.9105428
22930,817.4396096
22931,906.2389896
22932,915.8403405
22933,809.989381
22934,866.0759613
22935,855.1367171
22936,833.3106953
22937,852.7232628
22938,873.7098223
22939,927.0943831
22940,890.9056845
22941,831.5661875
22942,834.5830054
22943,814.8556395
22944,753.4113338
22945,601.2616609
22946,508.8525582
22947,420.4466896
22948,353.8912492
22949,316.791043
22950,340.6363939
22951,395.0482445
22952,454.9227023
22953,587.8595293
22954,834.3998389
22955,925.0416276
22956,934.8421873
22957,826.795033
22958,884.0452972
22959,872.8790857
22960,850.6002177
22961,870.415557
22962,891.8375455
22963,946.3297286
22964,909.3901873
22965,848.8195149
22966,851.8989257
22967,831.7622566
22968,737.2924551
22969,588.3979524
22970,497.9658987
22971,411.4514318
22972,346.3199135
22973,310.0134486
22974,333.3486395
22975,386.5963744
22976,445.1898465
22977,575.2825531
22978,816.5482495
22979,905.2508
22980,914.8416814
22981,809.1061448
22982,865.1315667
22983,854.204251
22984,832.4020288
22985,851.7934284
22986,872.7571035
22987,926.0834522
22988,889.9342148
22989,830.6594233
22990,833.6729517
22991,813.967097
22992,724.7209967
22993,578.3652709
22994,489.47516
22995,404.4358377
22996,340.4148668
22997,304.7274578
22998,327.664764
22999,380.0045801
23000,437.598984
23001,565.4735002
23002,802.625413
23003,889.8155101
23004,899.2428589
23005,795.3102024
23006,850.3803436
23007,839.6393479
23008,818.208872
23009,837.2696318
23010,857.8758586
23011,910.292948
23012,874.7600857
23013,816.4959794
23014,819.4581245
23015,800.0882713
23016,609.1065769
23017,486.0989152
23018,411.3894044
23019,339.9163676
23020,286.1086338
23021,256.1144213
23022,275.3925492
23023,319.3826176
23024,367.7890118
23025,475.263763
23026,674.5829361
23027,747.8636357
23028,755.7870437
23029,668.4347179
23030,714.7195438
23031,705.6920544
23032,687.6803728
23033,703.700378
23034,721.0193026
23035,765.074317
23036,735.2099964
23037,686.2407372
23038,688.7303326
23039,672.4505435
23040,603.6229406
23041,481.7226865
23042,407.685767
23043,336.8561843
23044,283.5328683
23045,253.8086863
23046,272.913258
23047,316.5072946
23048,364.477898
23049,470.9850805
23050,668.5098322
23051,741.1308037
23052,748.9828792
23053,662.4169649
23054,708.2850999
23055,699.3388827
23056,681.4893559
23057,697.365137
23058,714.5281435
23059,758.1865415
23060,728.591082
23061,680.062681
23062,682.5298632
23063,666.396637
23064,753.0959092
23065,601.0099355
23066,508.639521
23067,420.2706646
23068,353.7430884
23069,316.6584146
23070,340.4937824
23071,394.8828529
23072,454.7322434
23073,587.6134149
23074,834.0505075
23075,924.6543478
23076,934.4508044
23077,826.4488854
23078,883.6751811
23079,872.5136444
23080,850.2441038
23081,870.0511472
23082,891.464167
23083,945.9335364
23084,909.0094602
23085,848.4641465
23086,851.5422681
23087,831.4140294
23088,746.7110012
23089,595.9144448
23090,504.3271664
23091,416.7075201
23092,350.7439789
23093,313.9737169
23094,337.6070033
23095,391.5349517
23096,450.8769263
23097,582.6315028
23098,826.9792491
23099,916.8149307
23100,926.5283308
23101,819.4420752
23102,876.183194
23103,865.1162873
23104,843.0355526
23105,862.6746676
23106,883.9061433
23107,937.9137097
23108,901.3026838
23109,841.2706861
23110,844.3227108
23111,824.3651236
23112,762.0250369
23113,608.1358466
23114,514.6702366
23115,425.2536294
23116,357.937265
23117,320.4128945
23118,344.5308677
23119,399.5648056
23120,460.1238041
23121,594.5804893
23122,843.9394784
23123,935.6175687
23124,945.5301776
23125,836.2477272
23126,894.1525299
23127,882.8586559
23128,860.325075
23129,880.3669618
23130,902.0338665
23131,957.1490552
23132,919.7871865
23133,858.5240136
23134,861.6386311
23135,841.2717407
23136,745.9061582
23137,595.2721381
23138,503.7835771
23139,416.2583716
23140,350.3659293
23141,313.6353001
23142,337.2431134
23143,391.1129355
23144,450.3909483
23145,582.0035131
23146,826.0878889
23147,915.8267411
23148,925.5296717
23149,818.558839
23150,875.2387994
23151,864.1838212
23152,842.1268862
23153,861.7448332
23154,882.9534245
23155,936.9027788
23156,900.3312141
23157,840.363922
23158,843.412657
23159,823.4765811
23160,733.3346998
23161,585.2394566
23162,495.2928384
23163,409.2427776
23164,344.4608826
23165,308.3493093
23166,331.5592379
23167,384.5211411
23168,442.8000858
23169,572.1944602
23170,812.1650524
23171,900.3914513
23172,909.9308492
23173,804.7628966
23174,860.4875763
23175,849.618918
23176,827.9337293
23177,847.2210366
23178,868.0721796
23179,921.1122746
23180,885.1570849
23181,826.200478
23182,829.1978298
23183,809.5977554
23184,617.72028
23185,492.9731009
23186,417.2070828
23187,344.7233074
23188,290.1546496
23189,259.7362728
23190,279.2870231
23191,323.8991787
23192,372.9901136
23193,481.984723
23194,684.1225755
23195,758.4395768
23196,766.475034
23197,677.8874121
23198,724.8267765
23199,715.6716245
23200,697.4052301
23201,713.6517828
23202,731.2156236
23203,775.8936436
23204,745.6069957
23205,695.9452359
23206,698.470038
23207,681.9600276
23208,612.2366436
23209,488.5968722
23210,413.5034454
23211,341.6631241
23212,287.5788841
23213,257.4305378
23214,276.8077319
23215,321.0238557
23216,369.6789998
23217,477.7060405
23218,678.0494716
23219,751.7067448
23220,759.6708695
23221,671.8696591
23222,718.3923327
23223,709.3184529
23224,691.2142132
23225,707.3165418
23226,724.7244646
23227,769.0058681
23228,738.9880813
23229,689.7671797
23230,692.2695686
23231,675.9061212
23232,761.7096123
23233,607.8841212
23234,514.4571994
23235,425.0776044
23236,357.7891042
23237,320.2802661
23238,344.3882563
23239,399.3994139
23240,459.9333453
23241,594.3343749
23242,843.5901469
23243,935.230289
23244,945.1387948
23245,835.9015796
23246,893.7824138
23247,882.4932146
23248,859.9689611
23249,880.002552
23250,901.6604881
23251,956.752863
23252,919.4064594
23253,858.1686451
23254,861.2819735
23255,840.9235135
23256,755.3247042
23257,602.7886305
23258,510.1448449
23259,421.5144599
23260,354.7899947
23261,317.5955684
23262,341.5014772
23263,396.0515127
23264,456.0780282
23265,589.3524628
23266,836.5188885
23267,927.3908719
23268,937.2163212
23269,828.8947694
23270,886.2904268
23271,875.0958575
23272,852.7604099
23273,872.6260724
23274,894.1024644
23275,948.7330363
23276,911.699683
23277,850.9751848
23278,854.0624161
23279,833.8746077
23280,770.63874
23281,615.0100323
23282,520.487915
23283,430.0605692
23284,361.9832808
23285,324.034746
23286,348.4253416
23287,404.0813666
23288,465.324906
23289,601.3014494
23290,853.4791178
23291,946.1935099
23292,956.2181679
23293,845.7004214
23294,904.2597627
23295,892.838226
23296,870.0499323
23297,890.3183666
23298,912.2301875
23299,967.9683818
23300,930.1841857
23301,868.2285122
23302,871.3783365
23303,850.7812249
23304,754.5198613
23305,602.1463238
23306,509.6012555
23307,421.0653114
23308,354.4119451
23309,317.2571517
23310,341.1375873
23311,395.6294965
23312,455.5920502
23313,588.7244731
23314,835.6275284
23315,926.4026823
23316,936.217662
23317,828.0115332
23318,885.3460322
23319,874.1633914
23320,851.8517435
23321,871.696238
23322,893.1497456
23323,947.7221054
23324,910.7282133
23325,850.0684207
23326,853.1523624
23327,832.9860653
23328,741.9484029
23329,592.1136423
23330,501.1105168
23331,414.0497174
23332,348.5068984
23333,311.9711608
23334,335.4537117
23335,389.0377022
23336,448.0011877
23337,578.9154202
23338,821.7046918
23339,910.9673924
23340,920.6188395
23341,814.2155908
23342,870.5948091
23343,859.5984882
23344,837.6585866
23345,857.1724414
23346,878.2685006
23347,931.9316013
23348,895.5540841
23349,835.9049767
23350,838.9375352
23351,819.1072395
23352,626.3339831
23353,499.8472866
23354,423.0247612
23355,349.5302472
23356,294.2006654
23357,263.3581244
23358,283.181497
23359,328.4157397
23360,378.1912155
23361,488.705683
23362,693.662215
23363,769.015518
23364,777.1630243
23365,687.3401062
23366,734.9340093
23367,725.6511947
23368,707.1300874
23369,723.6031877
23370,741.4119446
23371,786.7129702
23372,756.0039949
23373,705.6497345
23374,708.2097433
23375,691.4695118
23376,620.8503467
23377,495.4710579
23378,419.3211238
23379,346.4700639
23380,291.6248999
23381,261.0523894
23382,280.7022057
23383,325.5404167
23384,374.8801017
23385,484.4270005
23386,687.5891111
23387,762.282686
23388,770.3588598
23389,681.3223532
23390,728.4995654
23391,719.2980231
23392,700.9390706
23393,717.2679466
23394,734.9207856
23395,779.8251947
23396,749.3850805
23397,699.4716783
23398,702.0092739
23399,685.4156053
